video_id,published_at,region,category_id,view_count,like_count,comment_count,title,description,tags,title_clean,description_clean,document_clean,token_count,unique_token_count,lexical_diversity,exclamation_count,question_count,title_hashtag_count,caps_ratio,high_views,tokens_joined
poUtpQ2SzrI,2026-01-17T01:05:47Z,US,10,547939,29876,3250,Blueface Ft Stunna Girl - Better (OFFICIAL MUSIC VIDEO),(Dir. @RLPvids),,Blueface Ft Stunna Girl - Better (OFFICIAL MUSIC VIDEO),(Dir. @RLPvids),Blueface Ft Stunna Girl - Better (OFFICIAL MUSIC VIDEO) (Dir. @RLPvids),10,10,1.0,0,0,0,0.5227272727272727,1,blueface ft stunna girl better official music video dir rlpvids
4z9TwEF4LJU,2026-01-18T00:00:06Z,US,10,452839,60437,33389,"Jlexis, Dani Barranco, Rome LMN - NADIE COMO NOSOTROS (VIDEO OFICIAL)","Jlexis, Dani Barranco, Rome LMN - NADIE COMO NOSOTROS (VIDEO OFICIAL)

Esc√∫chalo en todas las plataformas digitales:

https://vm.group/nadie-como-nosotros-x2x-a

Suscr√≠bete a mi canal y s√≠gueme en las redes sociales:   
‚óã YouTube: https://www.youtube.com/@Jlexis
‚óã Facebook:  https://www.facebook.com/Jlexispr 
‚óã Instagram: https://www.instagram.com/jlexispr2/",,"Jlexis, Dani Barranco, Rome LMN - NADIE COMO NOSOTROS (VIDEO OFICIAL)","Jlexis, Dani Barranco, Rome LMN - NADIE COMO NOSOTROS (VIDEO OFICIAL) Esc√∫chalo en todas las plataformas digitales: Suscr√≠bete a mi canal y s√≠gueme en las redes sociales: ‚óã YouTube: ‚óã Facebook: ‚óã Instagram:","Jlexis, Dani Barranco, Rome LMN - NADIE COMO NOSOTROS (VIDEO OFICIAL) Jlexis, Dani Barranco, Rome LMN - NADIE COMO NOSOTROS (VIDEO OFICIAL) Esc√∫chalo en todas las plataformas digitales: Suscr√≠bete a mi canal y s√≠gueme en las redes sociales: ‚óã YouTube: ‚óã Facebook: ‚óã Instagram:",42,30,0.7142857142857143,0,0,0,0.6666666666666666,1,jlexis dani barranco rome lmn nadie como nosotros video oficial jlexis dani barranco rome lmn nadie como nosotros video oficial esc chalo en todas las plataformas digitales suscr bete a mi canal y s gueme en las redes sociales youtube facebook instagram
11j9KBDS2Xk,2026-01-16T16:59:22Z,US,10,825048,50814,4292,YoungBoy Never Broke Again - Resume [Official Video],"YoungBoy Never Broke Again ‚Äì  
New Music: https://nbayoungboy.lnk.to/Music

Connect with YoungBoy Never Broke Again: 
http://www.youngboynba.com
https://www.instagram.com/nba_youngboy
https://www.soundcloud.com/nba-youngboy
https://www.tiktok.com/@nbayoungboy

The official YouTube channel of YoungBoy Never Broke Again. Subscribe for the latest music videos, performances, and more.

#YoungBoyNeverBrokeAgain",YoungBoy Never Broke Again NBA YoungBoy YoungBoy Quando Rondo YoungBoy Leak Make No Sense YoungBoy Youngboy Lost Motives YoungBoy NBA Music Video YoungBoy Never Broke Again TOP nba youngboy top YoungBoy NBA TOP album 7KTt4_M09Rw 0C80BSgjb8M qChxuVxs8FA dYk-yCsuTUo 6MCSr65d9Xc ALimx-H8C6s YoungBoy Never Broke Again Sincerely Kentrell Sincerely Kentrell Youngboy NBA Sincerely Kentrell Sincerely Kentrell album YBNBA Sincerely Kentrell YB Sincerely Kentrell Kentrell,YoungBoy Never Broke Again - Resume [Official Video],"YoungBoy Never Broke Again ‚Äì New Music: Connect with YoungBoy Never Broke Again: The official YouTube channel of YoungBoy Never Broke Again. Subscribe for the latest music videos, performances, and more. #YoungBoyNeverBrokeAgain","YoungBoy Never Broke Again - Resume [Official Video] YoungBoy Never Broke Again ‚Äì New Music: Connect with YoungBoy Never Broke Again: The official YouTube channel of YoungBoy Never Broke Again. Subscribe for the latest music videos, performances, and more. #YoungBoyNeverBrokeAgain",38,23,0.6052631578947368,0,0,0,0.19047619047619047,1,youngboy never broke again resume official video youngboy never broke again new music connect with youngboy never broke again the official youtube channel of youngboy never broke again subscribe for the latest music videos performances and more youngboyneverbrokeagain
SFKLTYwS9Fg,2026-01-16T14:02:45Z,US,10,283526,18097,899,Bad Bunny Takes the World‚Äôs Biggest Stage | Apple Music Super Bowl Halftime Show (Official Trailer),"On February 8th, the world will dance. Watch Bad Bunny live at the Super Bowl LX Apple Music Halftime Show. apple.co/SBLX

Subscribe to Apple Music: https://apple.co/AppleMusicYT

Follow Apple Music:
TikTok: https://tiktok.com/@applemusic
Instagram: https://instagram.com/applemusic
Facebook: https://facebook.com/applemusic
X: https://X.com/applemusic

Watch more Apple Music: 
What‚Äôs New: https://apple.co/2VFatTU
Apple Music Up Next: https://apple.co/2MLktXE
Interviews: https://apple.co/32WnrPV
What‚Äôs Trending: https://apple.co/2Meq89t

Apple Music lets you listen to millions of songs, online or off, totally ad-free. Create and share your own playlists, get exclusive content and personalized recommendations, and listen to radio hosted by artists streaming live or on demand.

#applemusichalftime #SBLX #badbunny",apple music apple music apple music youtube youtube apple music apple music 1 bad bunny apple music halftime show nfl super bowl super bowl halftime show,Bad Bunny Takes the World‚Äôs Biggest Stage | Apple Music Super Bowl Halftime Show (Official Trailer),"On February 8th, the world will dance. Watch Bad Bunny live at the Super Bowl LX Apple Music Halftime Show. apple.co/SBLX Subscribe to Apple Music: Follow Apple Music: TikTok: Instagram: Facebook: X: Watch more Apple Music: What‚Äôs New: Apple Music Up Next: Interviews: What‚Äôs Trending: Apple Music lets you listen to millions of songs, online or off, totally ad-free. Create and share your own playlists, get exclusive content and personalized recommendations, and listen to radio hosted by artists streaming live or on demand. #applemusichalftime #SBLX #badbunny","Bad Bunny Takes the World‚Äôs Biggest Stage | Apple Music Super Bowl Halftime Show (Official Trailer) On February 8th, the world will dance. Watch Bad Bunny live at the Super Bowl LX Apple Music Halftime Show. apple.co/SBLX Subscribe to Apple Music: Follow Apple Music: TikTok: Instagram: Facebook: X: Watch more Apple Music: What‚Äôs New: Apple Music Up Next: Interviews: What‚Äôs Trending: Apple Music lets you listen to millions of songs, online or off, totally ad-free. Create and share your own playlists, get exclusive content and personalized recommendations, and listen to radio hosted by artists streaming live or on demand. #applemusichalftime #SBLX #badbunny",107,72,0.6728971962616822,0,0,0,0.175,0,bad bunny takes the world s biggest stage apple music super bowl halftime show official trailer on february 8th the world will dance watch bad bunny live at the super bowl lx apple music halftime show apple co sblx subscribe to apple music follow apple music tiktok instagram facebook x watch more apple music what s new apple music up next interviews what s trending apple music lets you listen to millions of songs online or off totally ad free create and share your own playlists get exclusive content and personalized recommendations and listen to radio hosted by artists streaming live or on demand applemusichalftime sblx badbunny
xGrJVd3nJxM,2026-01-17T18:01:08Z,US,10,295607,8502,479,"Mozzy, EST Gee - YOU HEAR ME THO (Official Video)","Listen to the single ‚ÄúYOU HEAR ME THO"". Out Now!
Stream: https://music.empi.re/youhearmetho



#Mozzy #EstGee  #EMPIRE



Official Audio by Mozzy & EST Gee - ""YOU HEAR ME THO"" ¬© 2026 Mozzy Records / Young Shiners LLC / EMPIRE",Mozzy EST Gee Mozzy Records Young Shiners LLC EMPIRE Rap/Hip-Hop,"Mozzy, EST Gee - YOU HEAR ME THO (Official Video)","Listen to the single ‚ÄúYOU HEAR ME THO"". Out Now! Stream: #Mozzy #EstGee #EMPIRE Official Audio by Mozzy & EST Gee - ""YOU HEAR ME THO"" ¬© 2026 Mozzy Records / Young Shiners LLC / EMPIRE","Mozzy, EST Gee - YOU HEAR ME THO (Official Video) Listen to the single ‚ÄúYOU HEAR ME THO"". Out Now! Stream: #Mozzy #EstGee #EMPIRE Official Audio by Mozzy & EST Gee - ""YOU HEAR ME THO"" ¬© 2026 Mozzy Records / Young Shiners LLC / EMPIRE",40,25,0.625,0,0,0,0.5277777777777778,0,mozzy est gee you hear me tho official video listen to the single you hear me tho out now stream mozzy estgee empire official audio by mozzy est gee you hear me tho 2026 mozzy records young shiners llc empire
Z2QmDXeOlhw,2026-01-15T10:01:53Z,US,10,509832,20090,0,Canasteo,"Provided to YouTube by Virgin Music Group

Canasteo ¬∑ R√©gulo Molina ¬∑ Oscar Maydon ¬∑ Neton Vega

Canasteo

‚Ñó 2026 Rico o Muerto by Baja Sound LLC

Released on: 2026-01-16

Mastering Engineer, Producer: Prince L
Composer: R√©gulo Molina
Composer: Oscar Rene Maydon Meza
Composer: Joel N√∫√±ez
Composer: Justin Quiles
Composer: Net√≥n Vega
Producer: Rub√©n Calderon Garc√≠a
Producer: Alberto Cardenas Gallegos
Producer: Joel Nu√±ez
Producer: David Alva
Composer: R√©gulo Molina
Composer: Oscar Rene Maydon Meza
Composer: Joel N√∫√±ez
Composer: Justin Quiles
Composer: Net√≥n Vega

Auto-generated by YouTube.",R√©gulo Molina Oscar Maydon Neton Vega Canasteo,Canasteo,"Provided to YouTube by Virgin Music Group Canasteo ¬∑ R√©gulo Molina ¬∑ Oscar Maydon ¬∑ Neton Vega Canasteo ‚Ñó 2026 Rico o Muerto by Baja Sound LLC Released on: 2026-01-16 Mastering Engineer, Producer: Prince L Composer: R√©gulo Molina Composer: Oscar Rene Maydon Meza Composer: Joel N√∫√±ez Composer: Justin Quiles Composer: Net√≥n Vega Producer: Rub√©n Calderon Garc√≠a Producer: Alberto Cardenas Gallegos Producer: Joel Nu√±ez Producer: David Alva Composer: R√©gulo Molina Composer: Oscar Rene Maydon Meza Composer: Joel N√∫√±ez Composer: Justin Quiles Composer: Net√≥n Vega Auto-generated by YouTube.","Canasteo Provided to YouTube by Virgin Music Group Canasteo ¬∑ R√©gulo Molina ¬∑ Oscar Maydon ¬∑ Neton Vega Canasteo ‚Ñó 2026 Rico o Muerto by Baja Sound LLC Released on: 2026-01-16 Mastering Engineer, Producer: Prince L Composer: R√©gulo Molina Composer: Oscar Rene Maydon Meza Composer: Joel N√∫√±ez Composer: Justin Quiles Composer: Net√≥n Vega Producer: Rub√©n Calderon Garc√≠a Producer: Alberto Cardenas Gallegos Producer: Joel Nu√±ez Producer: David Alva Composer: R√©gulo Molina Composer: Oscar Rene Maydon Meza Composer: Joel N√∫√±ez Composer: Justin Quiles Composer: Net√≥n Vega Auto-generated by YouTube.",96,52,0.5416666666666666,0,0,0,0.125,1,canasteo provided to youtube by virgin music group canasteo r gulo molina oscar maydon neton vega canasteo 2026 rico o muerto by baja sound llc released on 2026 01 16 mastering engineer producer prince l composer r gulo molina composer oscar rene maydon meza composer joel n ez composer justin quiles composer net n vega producer rub n calderon garc a producer alberto cardenas gallegos producer joel nu ez producer david alva composer r gulo molina composer oscar rene maydon meza composer joel n ez composer justin quiles composer net n vega auto generated by youtube
WFPAm519lfI,2026-01-16T05:00:40Z,US,10,550027,28318,1382,Veeze - One of Them Ones (feat. Rylo Rodriguez & Lil Baby) [Official Music Video],"Watch the Official Music Video for ""One of Them Ones"" (feat. Rylo Rodriguez & Lil Baby)

Stream ""One of Them Ones"": https://veeze.lnk.to/oneofthemones

Follow Veeze:
https://www.instagram.com/veezeworst/
https://x.com/Ganger4eva
https://www.tiktok.com/@veezeworst_?lang=en
https://www.facebook.com/officialveeze/

Navy Wavy LLC, under exclusive license to Warner Records Inc.

#veeze #OneOfThemOnes #LilBaby #rylorodriguez #hiphop #ganger #detroitrap #worsttape",Veeze Lil Baby Rylo Rodriguez One of Them Ones Official Music Video Rap Hip Hop New Hip Hop 2026 Kyrie Irving New Veeze Veeze Lil Baby Rylo Rodriguez Can't Act Broke Actin Like Kyrie Irving Really Just One of Them Ones,Veeze - One of Them Ones (feat. Rylo Rodriguez & Lil Baby) [Official Music Video],"Watch the Official Music Video for ""One of Them Ones"" (feat. Rylo Rodriguez & Lil Baby) Stream ""One of Them Ones"": Follow Veeze: Navy Wavy LLC, under exclusive license to Warner Records Inc. #veeze #OneOfThemOnes #LilBaby #rylorodriguez #hiphop #ganger #detroitrap #worsttape","Veeze - One of Them Ones (feat. Rylo Rodriguez & Lil Baby) [Official Music Video] Watch the Official Music Video for ""One of Them Ones"" (feat. Rylo Rodriguez & Lil Baby) Stream ""One of Them Ones"": Follow Veeze: Navy Wavy LLC, under exclusive license to Warner Records Inc. #veeze #OneOfThemOnes #LilBaby #rylorodriguez #hiphop #ganger #detroitrap #worsttape",53,35,0.660377358490566,0,0,0,0.18333333333333332,1,veeze one of them ones feat rylo rodriguez lil baby official music video watch the official music video for one of them ones feat rylo rodriguez lil baby stream one of them ones follow veeze navy wavy llc under exclusive license to warner records inc veeze oneofthemones lilbaby rylorodriguez hiphop ganger detroitrap worsttape
R6e4tBWxIxE,2026-01-16T05:00:00Z,US,10,14540993,626357,76155,ENHYPEN (ÏóîÌïòÏù¥Ìîà) 'Knife' Official MV,"ENHYPEN (ÏóîÌïòÏù¥Ìîà) 'Knife' Official MV

Vampire is here
https://enhypen.lnk.to/THESINVANISH

EXECUTIVE PRODUCER Kim Taeho
Directed by OH XIMIN (NoisyRoom)

‚ìí BELIFT LAB Inc. All Rights Reserved

Connect with ENHYPEN
OFFICIAL WEBSITE https://ENHYPEN.com
ENHYPEN Weverse https://www.weverse.io/enhypen
OFFICIAL YOUTUBE https://www.youtube.com/ENHYPENOFFICIAL
OFFICIAL X (TWITTER) https://twitter.com/ENHYPEN
ENHYPEN X (TWITTER) https://twitter.com/ENHYPEN_members
OFFICIAL JAPAN X (TWITTER) https://twitter.com/ENHYPEN_JP
OFFICIAL FACEBOOK https://www.facebook.com/officialENHYPEN
OFFICIAL INSTAGRAM https://www.instagram.com/enhypen
OFFICIAL TIKTOK  https://www.tiktok.com/@enhypen
OFFICIAL WEIBO https://weibo.com/ENHYPEN
OFFICIAL BILIBILI https://space.bilibili.com/3493119035181246
OFFICIAL DOUYIN https://v.douyin.com/TLfWnNVDBP8/

created with DARK MOON

#ENHYPEN #ÏóîÌïòÏù¥Ìîà #THE_SIN_VANISH #EN_Knife",HYBE HYBE LABELS ÌïòÏù¥Î∏å ÌïòÏù¥Î∏åÎ†àÏù¥Î∏îÏ¶à,ENHYPEN (ÏóîÌïòÏù¥Ìîà) 'Knife' Official MV,ENHYPEN (ÏóîÌïòÏù¥Ìîà) 'Knife' Official MV Vampire is here EXECUTIVE PRODUCER Kim Taeho Directed by OH XIMIN (NoisyRoom) ‚ìí BELIFT LAB Inc. All Rights Reserved Connect with ENHYPEN OFFICIAL WEBSITE ENHYPEN Weverse OFFICIAL YOUTUBE OFFICIAL X (TWITTER) ENHYPEN X (TWITTER) OFFICIAL JAPAN X (TWITTER) OFFICIAL FACEBOOK OFFICIAL INSTAGRAM OFFICIAL TIKTOK OFFICIAL WEIBO OFFICIAL BILIBILI OFFICIAL DOUYIN created with DARK MOON #ENHYPEN #ÏóîÌïòÏù¥Ìîà #THE_SIN_VANISH #EN_Knife,ENHYPEN (ÏóîÌïòÏù¥Ìîà) 'Knife' Official MV ENHYPEN (ÏóîÌïòÏù¥Ìîà) 'Knife' Official MV Vampire is here EXECUTIVE PRODUCER Kim Taeho Directed by OH XIMIN (NoisyRoom) ‚ìí BELIFT LAB Inc. All Rights Reserved Connect with ENHYPEN OFFICIAL WEBSITE ENHYPEN Weverse OFFICIAL YOUTUBE OFFICIAL X (TWITTER) ENHYPEN X (TWITTER) OFFICIAL JAPAN X (TWITTER) OFFICIAL FACEBOOK OFFICIAL INSTAGRAM OFFICIAL TIKTOK OFFICIAL WEIBO OFFICIAL BILIBILI OFFICIAL DOUYIN created with DARK MOON #ENHYPEN #ÏóîÌïòÏù¥Ìîà #THE_SIN_VANISH #EN_Knife,67,44,0.6567164179104478,0,0,0,0.4230769230769231,1,enhypen 'knife' official mv enhypen 'knife' official mv vampire is here executive producer kim taeho directed by oh ximin noisyroom belift lab inc all rights reserved connect with enhypen official website enhypen weverse official youtube official x twitter enhypen x twitter official japan x twitter official facebook official instagram official tiktok official weibo official bilibili official douyin created with dark moon enhypen the sin vanish en knife
fdKEN2ipsBU,2026-01-12T17:42:02Z,US,10,31317,1583,0,Ros Kantri,"Provided to YouTube by Zojak World Wide, LLC

Ros Kantri ¬∑ Mavn LKLD ¬∑ Evin Rush ¬∑ Flunky

Ros Kantri

‚Ñó Mavn LKLD & Lopez Records

Released on: 2026-01-13

Producer: Mavn LKLD
Producer: Jeremiah Nangore
Producer: Wavetrax Inc
Producer: Hauskuk Musik
Producer: Stingray Records
Composer: Mavn LKLD
Composer: Evin Rush

Auto-generated by YouTube.",Mavn LKLD Evin Rush Flunky Ros Kantri,Ros Kantri,"Provided to YouTube by Zojak World Wide, LLC Ros Kantri ¬∑ Mavn LKLD ¬∑ Evin Rush ¬∑ Flunky Ros Kantri ‚Ñó Mavn LKLD & Lopez Records Released on: 2026-01-13 Producer: Mavn LKLD Producer: Jeremiah Nangore Producer: Wavetrax Inc Producer: Hauskuk Musik Producer: Stingray Records Composer: Mavn LKLD Composer: Evin Rush Auto-generated by YouTube.","Ros Kantri Provided to YouTube by Zojak World Wide, LLC Ros Kantri ¬∑ Mavn LKLD ¬∑ Evin Rush ¬∑ Flunky Ros Kantri ‚Ñó Mavn LKLD & Lopez Records Released on: 2026-01-13 Producer: Mavn LKLD Producer: Jeremiah Nangore Producer: Wavetrax Inc Producer: Hauskuk Musik Producer: Stingray Records Composer: Mavn LKLD Composer: Evin Rush Auto-generated by YouTube.",53,33,0.6226415094339622,0,0,0,0.2222222222222222,0,ros kantri provided to youtube by zojak world wide llc ros kantri mavn lkld evin rush flunky ros kantri mavn lkld lopez records released on 2026 01 13 producer mavn lkld producer jeremiah nangore producer wavetrax inc producer hauskuk musik producer stingray records composer mavn lkld composer evin rush auto generated by youtube
pAgkW0bT6KY,2026-01-12T21:01:06Z,US,10,454471,484,2,Romeo Santos - Imitadora (Letra),"üéµRomeo Santos - Imitadora (Letra)

‚á® Romeo Santos :
https://www.facebook.com/RomeoSantosOfficial
https://www.instagram.com/romeosantos
https://www.youtube.com/channel/UCyxbZF7_PK4nLiexj0kkCNg
https://twitter.com/RomeoSantosPage

‚á® Escucha Nuestra Playlist de Spotify! :
https://open.spotify.com/playlist/7iUQLvlRuKvVdZ1yDhmH6H?si=19a494afbd454b8c
‚á® Escucha Nuestra Playlist de Youtube! :
https://youtube.com/playlist?list=PLzUy9qQrjQ34Cy6LskeRlvu4sTBYhkBUw&si=GbkIvDRRAN_fLth4

üîî Activa las notificaciones para enterarte de los v√≠deos nuevos!

Espero que te haya gustado nuestro video!

Letra :
Hey
Who are you?
Mi memoria ha conservado lo que se ha llevado el viento
Y yo estoy estancado en esos tiempos
Cuando t√∫ me amabas y con gran fulgor sent√≠a tus besos
Dime, qu√≠tame esta duda
¬øQui√©n es esta extra√±a que se ha apoderado de tu ser?
¬øD√≥nde est√° la amante loca que me erizaba la piel?
Porque ya t√∫ no me tocas como lo hac√≠a esa mujer
Algo no anda bien
Esta noche me hago el interrogante
Y le pongo fin a la impostora, usurpadora
Exijo contigo una entrevista
Sospecho plagio a mi se√±ora, mala imitadora
Dime, tengo unas preguntas
¬øD√≥nde fue bajo la lluvia que te di ese primer beso?
Dime, tambi√©n, rel√°tame el momento
N√∫mero de alojamiento donde yo te hice mujer
Conf√≠rmame
¬øQu√© me enciende en el sexo?
¬øQu√© me encanta de tu cuerpo?
Nuestra primer aventura
Quiero detalles
¬øSer√° el cuello o el ombliguito
Tu punto favorito?
Porque yo s√≠ s√© cu√°l es
Si en verdad eres la original
Demu√©stramelo ahora
Esta noche me hago el interrogante
Y le pongo fin a la impostora, usurpadora
Exijo contigo una entrevista
Sospecho plagio a mi se√±ora, mala imitadora
Dime, tengo unas preguntas
¬øD√≥nde fue bajo la lluvia que te di ese primer beso?
Dime, tambi√©n, rel√°tame el momento
N√∫mero de alojamiento donde yo te hice mujer
Conf√≠rmame
¬øQu√© me enciende en el sexo?
¬øQu√© me encanta de tu cuerpo?
Nuestra primer aventura
Quiero detalles
¬øSer√° tu cuello o el ombliguito
Tu punto favorito?
Porque yo s√≠ s√© cual es
Si en verdad eres la original
Demu√©stramelo ahora
T√∫ no era' as√≠ cuando te conoc√≠
Tell me where she's at
¬øQui√©n es esta imitadora hoy en su lugar?
Tell me where she's at
Yo la extra√±o, ¬øa d√≥nde se me perdi√≥?
Tell me where she's at?
Que regrese mi amada porque t√∫
No eres t√∫",,Romeo Santos - Imitadora (Letra),"üéµRomeo Santos - Imitadora (Letra) ‚á® Romeo Santos : ‚á® Escucha Nuestra Playlist de Spotify! : ‚á® Escucha Nuestra Playlist de Youtube! : üîî Activa las notificaciones para enterarte de los v√≠deos nuevos! Espero que te haya gustado nuestro video! Letra : Hey Who are you? Mi memoria ha conservado lo que se ha llevado el viento Y yo estoy estancado en esos tiempos Cuando t√∫ me amabas y con gran fulgor sent√≠a tus besos Dime, qu√≠tame esta duda ¬øQui√©n es esta extra√±a que se ha apoderado de tu ser? ¬øD√≥nde est√° la amante loca que me erizaba la piel? Porque ya t√∫ no me tocas como lo hac√≠a esa mujer Algo no anda bien Esta noche me hago el interrogante Y le pongo fin a la impostora, usurpadora Exijo contigo una entrevista Sospecho plagio a mi se√±ora, mala imitadora Dime, tengo unas preguntas ¬øD√≥nde fue bajo la lluvia que te di ese primer beso? Dime, tambi√©n, rel√°tame el momento N√∫mero de alojamiento donde yo te hice mujer Conf√≠rmame ¬øQu√© me enciende en el sexo? ¬øQu√© me encanta de tu cuerpo? Nuestra primer aventura Quiero detalles ¬øSer√° el cuello o el ombliguito Tu punto favorito? Porque yo s√≠ s√© cu√°l es Si en verdad eres la original Demu√©stramelo ahora Esta noche me hago el interrogante Y le pongo fin a la impostora, usurpadora Exijo contigo una entrevista Sospecho plagio a mi se√±ora, mala imitadora Dime, tengo unas preguntas ¬øD√≥nde fue bajo la lluvia que te di ese primer beso? Dime, tambi√©n, rel√°tame el momento N√∫mero de alojamiento donde yo te hice mujer Conf√≠rmame ¬øQu√© me enciende en el sexo? ¬øQu√© me encanta de tu cuerpo? Nuestra primer aventura Quiero detalles ¬øSer√° tu cuello o el ombliguito Tu punto favorito? Porque yo s√≠ s√© cual es Si en verdad eres la original Demu√©stramelo ahora T√∫ no era' as√≠ cuando te conoc√≠ Tell me where she's at ¬øQui√©n es esta imitadora hoy en su lugar? Tell me where she's at Yo la extra√±o, ¬øa d√≥nde se me perdi√≥? Tell me where she's at? Que regrese mi amada porque t√∫ No eres t√∫","Romeo Santos - Imitadora (Letra) üéµRomeo Santos - Imitadora (Letra) ‚á® Romeo Santos : ‚á® Escucha Nuestra Playlist de Spotify! : ‚á® Escucha Nuestra Playlist de Youtube! : üîî Activa las notificaciones para enterarte de los v√≠deos nuevos! Espero que te haya gustado nuestro video! Letra : Hey Who are you? Mi memoria ha conservado lo que se ha llevado el viento Y yo estoy estancado en esos tiempos Cuando t√∫ me amabas y con gran fulgor sent√≠a tus besos Dime, qu√≠tame esta duda ¬øQui√©n es esta extra√±a que se ha apoderado de tu ser? ¬øD√≥nde est√° la amante loca que me erizaba la piel? Porque ya t√∫ no me tocas como lo hac√≠a esa mujer Algo no anda bien Esta noche me hago el interrogante Y le pongo fin a la impostora, usurpadora Exijo contigo una entrevista Sospecho plagio a mi se√±ora, mala imitadora Dime, tengo unas preguntas ¬øD√≥nde fue bajo la lluvia que te di ese primer beso? Dime, tambi√©n, rel√°tame el momento N√∫mero de alojamiento donde yo te hice mujer Conf√≠rmame ¬øQu√© me enciende en el sexo? ¬øQu√© me encanta de tu cuerpo? Nuestra primer aventura Quiero detalles ¬øSer√° el cuello o el ombliguito Tu punto favorito? Porque yo s√≠ s√© cu√°l es Si en verdad eres la original Demu√©stramelo ahora Esta noche me hago el interrogante Y le pongo fin a la impostora, usurpadora Exijo contigo una entrevista Sospecho plagio a mi se√±ora, mala imitadora Dime, tengo unas preguntas ¬øD√≥nde fue bajo la lluvia que te di ese primer beso? Dime, tambi√©n, rel√°tame el momento N√∫mero de alojamiento donde yo te hice mujer Conf√≠rmame ¬øQu√© me enciende en el sexo? ¬øQu√© me encanta de tu cuerpo? Nuestra primer aventura Quiero detalles ¬øSer√° tu cuello o el ombliguito Tu punto favorito? Porque yo s√≠ s√© cual es Si en verdad eres la original Demu√©stramelo ahora T√∫ no era' as√≠ cuando te conoc√≠ Tell me where she's at ¬øQui√©n es esta imitadora hoy en su lugar? Tell me where she's at Yo la extra√±o, ¬øa d√≥nde se me perdi√≥? Tell me where she's at? Que regrese mi amada porque t√∫ No eres t√∫",370,159,0.4297297297297297,0,0,0,0.16,1,romeo santos imitadora letra romeo santos imitadora letra romeo santos escucha nuestra playlist de spotify escucha nuestra playlist de youtube activa las notificaciones para enterarte de los v deos nuevos espero que te haya gustado nuestro video letra hey who are you mi memoria ha conservado lo que se ha llevado el viento y yo estoy estancado en esos tiempos cuando t me amabas y con gran fulgor sent a tus besos dime qu tame esta duda qui n es esta extra a que se ha apoderado de tu ser d nde est la amante loca que me erizaba la piel porque ya t no me tocas como lo hac a esa mujer algo no anda bien esta noche me hago el interrogante y le pongo fin a la impostora usurpadora exijo contigo una entrevista sospecho plagio a mi se ora mala imitadora dime tengo unas preguntas d nde fue bajo la lluvia que te di ese primer beso dime tambi n rel tame el momento n mero de alojamiento donde yo te hice mujer conf rmame qu me enciende en el sexo qu me encanta de tu cuerpo nuestra primer aventura quiero detalles ser el cuello o el ombliguito tu punto favorito porque yo s s cu l es si en verdad eres la original demu stramelo ahora esta noche me hago el interrogante y le pongo fin a la impostora usurpadora exijo contigo una entrevista sospecho plagio a mi se ora mala imitadora dime tengo unas preguntas d nde fue bajo la lluvia que te di ese primer beso dime tambi n rel tame el momento n mero de alojamiento donde yo te hice mujer conf rmame qu me enciende en el sexo qu me encanta de tu cuerpo nuestra primer aventura quiero detalles ser tu cuello o el ombliguito tu punto favorito porque yo s s cual es si en verdad eres la original demu stramelo ahora t no era' as cuando te conoc tell me where she's at qui n es esta imitadora hoy en su lugar tell me where she's at yo la extra o a d nde se me perdi tell me where she's at que regrese mi amada porque t no eres t
5K3bQumtn7w,2026-01-13T10:00:09Z,US,10,101044,979,8,You‚Äôre the Inspiration,"Provided to YouTube by Warner Music Group - X5 Music Group

You‚Äôre the Inspiration ¬∑ Chicago

Sounds of the 80's

‚Ñó 2026 Warner Music Group - X5 Music Group

Released on: 2026-01-14

Producer: David Foster
Engineer, Mastering: George Marino
Engineer, Audio Recording Engineer: Humberto Gatica
Mixer, Mixing: Humberto Gatica
Composer Lyricist, Writer: David Foster
Composer Lyricist, Writer: Peter Cetera

Auto-generated by YouTube.",Chicago Sounds of the 80's You‚Äôre the Inspiration,You‚Äôre the Inspiration,"Provided to YouTube by Warner Music Group - X5 Music Group You‚Äôre the Inspiration ¬∑ Chicago Sounds of the 80's ‚Ñó 2026 Warner Music Group - X5 Music Group Released on: 2026-01-14 Producer: David Foster Engineer, Mastering: George Marino Engineer, Audio Recording Engineer: Humberto Gatica Mixer, Mixing: Humberto Gatica Composer Lyricist, Writer: David Foster Composer Lyricist, Writer: Peter Cetera Auto-generated by YouTube.","You‚Äôre the Inspiration Provided to YouTube by Warner Music Group - X5 Music Group You‚Äôre the Inspiration ¬∑ Chicago Sounds of the 80's ‚Ñó 2026 Warner Music Group - X5 Music Group Released on: 2026-01-14 Producer: David Foster Engineer, Mastering: George Marino Engineer, Audio Recording Engineer: Humberto Gatica Mixer, Mixing: Humberto Gatica Composer Lyricist, Writer: David Foster Composer Lyricist, Writer: Peter Cetera Auto-generated by YouTube.",66,41,0.6212121212121212,0,0,0,0.10526315789473684,0,you re the inspiration provided to youtube by warner music group x5 music group you re the inspiration chicago sounds of the 80's 2026 warner music group x5 music group released on 2026 01 14 producer david foster engineer mastering george marino engineer audio recording engineer humberto gatica mixer mixing humberto gatica composer lyricist writer david foster composer lyricist writer peter cetera auto generated by youtube
jaPGexY1l5A,2026-01-15T16:39:38Z,US,10,170262,4863,83,BOO,"Provided to YouTube by Hitmaker

BOO ¬∑ H3adband

BOO

‚Ñó WatchDatBaby Records/Hitmaker Distro

Released on: 2025-10-14

Producer: Jordan Randall
Vocals: H3adband
Composer: Jordan Randall
Lyricist: Jordan Randall

Auto-generated by YouTube.",H3adband BOO,BOO,Provided to YouTube by Hitmaker BOO ¬∑ H3adband BOO ‚Ñó WatchDatBaby Records/Hitmaker Distro Released on: 2025-10-14 Producer: Jordan Randall Vocals: H3adband Composer: Jordan Randall Lyricist: Jordan Randall Auto-generated by YouTube.,BOO Provided to YouTube by Hitmaker BOO ¬∑ H3adband BOO ‚Ñó WatchDatBaby Records/Hitmaker Distro Released on: 2025-10-14 Producer: Jordan Randall Vocals: H3adband Composer: Jordan Randall Lyricist: Jordan Randall Auto-generated by YouTube.,33,23,0.696969696969697,0,0,0,1.0,0,boo provided to youtube by hitmaker boo h3adband boo watchdatbaby records hitmaker distro released on 2025 10 14 producer jordan randall vocals h3adband composer jordan randall lyricist jordan randall auto generated by youtube
McaD2PG8jOE,2026-01-16T05:00:07Z,US,10,1024942,43291,2542,"Dolly Parton - Light of a Clear Blue Morning ft. Lainey Wilson, Miley Cyrus, Queen Latifah & Reba","‚ÄúLight of a Clear Blue Morning‚Äù by Dolly Parton featuring Lainey Wilson, Miley Cyrus, Queen Latifah and Reba McEntire. Also featuring David Foster on piano and Christ Church Choir on background vocals. https://dolly.lnk.to/LightOfAClearBlueMorning

All net proceeds from this recording and music video will benefit pediatric cancer research at the Monroe Carell Jr. Children‚Äôs Hospital at Vanderbilt in Nashville, TN. 

LYRICS:
It's been a long dark night
And I've been a waitin' for the morning
It's been a long hard fight
But I see a brand new day a dawning
I've been looking for the sunshine
You know I ain't seen it in so long
But everything's gonna work out just fine
And everything's gonna be all right
That's been all wrong

I can see the light of a clear blue morning
I can see the light of a brand new day
I can see the light of a clear blue morning
Everything's gonna be all right
It's gonna be okay

It's been a long long time
Since I've known the taste of freedom
And those clinging vines
That had me bound, well I don't need 'em, no
I've been like a captured eagle, you know an eagle's born to fly
Now that I have won my freedom, like an eagle I am eager for the sky

I can see the light of a clear blue morning
I can see the light of brand new day
I can see the light of a clear blue morning
Everything's gonna be all right
It's gonna be okay

Cause I can see the light of a clear blue morning
I can see the light of brand new day
I can see the light of a clear blue morning
Everything's gonna be all right
It's gonna be okay
Everything's gonna be all right
It's gonna be okay

Music video by Dolly Parton performing ‚ÄúLight of a Clear Blue Morning‚Äù ¬© 2026 Butterfly Records, LLC

FOLLOW DOLLY ON:
Instagram: https://dolly.lnk.to/DPInstagram
Facebook: https://dolly.lnk.to/DPFacebook
TikTok: https://dolly.lnk.to/DPTikTok
X: https://dolly.lnk.to/DPX
Threads: https://dolly.lnk.to/DPThreads
Substack: https://dolly.lnk.to/DPsubstack",,"Dolly Parton - Light of a Clear Blue Morning ft. Lainey Wilson, Miley Cyrus, Queen Latifah & Reba","‚ÄúLight of a Clear Blue Morning‚Äù by Dolly Parton featuring Lainey Wilson, Miley Cyrus, Queen Latifah and Reba McEntire. Also featuring David Foster on piano and Christ Church Choir on background vocals. All net proceeds from this recording and music video will benefit pediatric cancer research at the Monroe Carell Jr. Children‚Äôs Hospital at Vanderbilt in Nashville, TN. LYRICS: It's been a long dark night And I've been a waitin' for the morning It's been a long hard fight But I see a brand new day a dawning I've been looking for the sunshine You know I ain't seen it in so long But everything's gonna work out just fine And everything's gonna be all right That's been all wrong I can see the light of a clear blue morning I can see the light of a brand new day I can see the light of a clear blue morning Everything's gonna be all right It's gonna be okay It's been a long long time Since I've known the taste of freedom And those clinging vines That had me bound, well I don't need 'em, no I've been like a captured eagle, you know an eagle's born to fly Now that I have won my freedom, like an eagle I am eager for the sky I can see the light of a clear blue morning I can see the light of brand new day I can see the light of a clear blue morning Everything's gonna be all right It's gonna be okay Cause I can see the light of a clear blue morning I can see the light of brand new day I can see the light of a clear blue morning Everything's gonna be all right It's gonna be okay Everything's gonna be all right It's gonna be okay Music video by Dolly Parton performing ‚ÄúLight of a Clear Blue Morning‚Äù ¬© 2026 Butterfly Records, LLC FOLLOW DOLLY ON: Instagram: Facebook: TikTok: X: Threads: Substack:","Dolly Parton - Light of a Clear Blue Morning ft. Lainey Wilson, Miley Cyrus, Queen Latifah & Reba ‚ÄúLight of a Clear Blue Morning‚Äù by Dolly Parton featuring Lainey Wilson, Miley Cyrus, Queen Latifah and Reba McEntire. Also featuring David Foster on piano and Christ Church Choir on background vocals. All net proceeds from this recording and music video will benefit pediatric cancer research at the Monroe Carell Jr. Children‚Äôs Hospital at Vanderbilt in Nashville, TN. LYRICS: It's been a long dark night And I've been a waitin' for the morning It's been a long hard fight But I see a brand new day a dawning I've been looking for the sunshine You know I ain't seen it in so long But everything's gonna work out just fine And everything's gonna be all right That's been all wrong I can see the light of a clear blue morning I can see the light of a brand new day I can see the light of a clear blue morning Everything's gonna be all right It's gonna be okay It's been a long long time Since I've known the taste of freedom And those clinging vines That had me bound, well I don't need 'em, no I've been like a captured eagle, you know an eagle's born to fly Now that I have won my freedom, like an eagle I am eager for the sky I can see the light of a clear blue morning I can see the light of brand new day I can see the light of a clear blue morning Everything's gonna be all right It's gonna be okay Cause I can see the light of a clear blue morning I can see the light of brand new day I can see the light of a clear blue morning Everything's gonna be all right It's gonna be okay Everything's gonna be all right It's gonna be okay Music video by Dolly Parton performing ‚ÄúLight of a Clear Blue Morning‚Äù ¬© 2026 Butterfly Records, LLC FOLLOW DOLLY ON: Instagram: Facebook: TikTok: X: Threads: Substack:",343,138,0.40233236151603496,0,0,0,0.17333333333333334,1,dolly parton light of a clear blue morning ft lainey wilson miley cyrus queen latifah reba light of a clear blue morning by dolly parton featuring lainey wilson miley cyrus queen latifah and reba mcentire also featuring david foster on piano and christ church choir on background vocals all net proceeds from this recording and music video will benefit pediatric cancer research at the monroe carell jr children s hospital at vanderbilt in nashville tn lyrics it's been a long dark night and i've been a waitin' for the morning it's been a long hard fight but i see a brand new day a dawning i've been looking for the sunshine you know i ain't seen it in so long but everything's gonna work out just fine and everything's gonna be all right that's been all wrong i can see the light of a clear blue morning i can see the light of a brand new day i can see the light of a clear blue morning everything's gonna be all right it's gonna be okay it's been a long long time since i've known the taste of freedom and those clinging vines that had me bound well i don't need 'em no i've been like a captured eagle you know an eagle's born to fly now that i have won my freedom like an eagle i am eager for the sky i can see the light of a clear blue morning i can see the light of brand new day i can see the light of a clear blue morning everything's gonna be all right it's gonna be okay cause i can see the light of a clear blue morning i can see the light of brand new day i can see the light of a clear blue morning everything's gonna be all right it's gonna be okay everything's gonna be all right it's gonna be okay music video by dolly parton performing light of a clear blue morning 2026 butterfly records llc follow dolly on instagram facebook tiktok x threads substack
plbNzv3KvWs,2026-01-16T05:00:06Z,US,10,318362,10592,927,Megan Moroney - Wish I Didn't (Official Video),"Official Video for ‚ÄúWish I Didn‚Äôt‚Äù by Megan Moroney 
Pre-Save + Pre-Order ‚ÄúCloud 9‚Äù the new album coming February 20: https://www.meganmoroney.com 

All Things Megan: 

Subscribe for Updates: https://meganmoroney.os.fan/ 
TikTok: https://meganmoroney.lnk.to/socials/tiktok 
Instagram: https://meganmoroney.lnk.to/socials/instagram 
Facebook: https://meganmoroney.lnk.to/socials/facebook 
Twitter: https://x.com/_megmoroney 
Visit Website: https://www.meganmoroney.com
Text Megan: +1 (404) 800-6373

Follow MoroneyHQ
Instagram: https://www.instagram.com/moroneyhq 
TikTok: https://www.tiktok.com/@moroneyhq 

Starring: Dylan Efron @dylanefron

Director: Lauren Dunn @laurenelizadunn
Creative Director: Cece Dawson @cece_dawson
Prod Co: PRETTYBIRD @prettybirdpic
Executive Producer: Candice Dragonas @candeeedragon
Producer: Megan Short @meganshorttt
Production Supervisor: Jack Willkomm @jack_willkomm
Prettybird Production Coordinator: Gabby Gammon @gabbygammon
Production Coordinator: Patrick Jamison @patrick.jamison
1st Assistant Director: Tim Kloete @timbokloete
Commissioner: Alexa Zeliger @lexdgr

Director of Photography: Gus Bendinelli @gbendinelli
Steadicam Operator: Larkin McLaughlin @larkinm7
1st AC: Josh Boyd @joshcboyd
2nd AC: Brooke Hamar @brooke_hamar
DIT: Armand Holmes @film4real
VTR: Owen Herndon @owen.w.herndon

Production Designer: Ana Coccioletti @awnah
Art Director: Ruby Guidara @ruby_guidara
Props: Matt Arn
Set Dresser: Dayson Ward @daysonzward 
Set Dresser: Ron Neal @ronnienealll 
Art PA: Arlie Burket

Gaffer: Mike Gipson @mikeyg09
Best Boy Electric: Patrick Strunk
2nd Electric: Duke Moosbrugger @duke_135
3rd Electric: Mike Beatty 
Key Grip: Nathan Hughes
Best Boy Grip: Nancie Kang
2nd Grip: Luke Cauthern @ninjagrip
3rd Grip: Davaughn Williams @davaughn.williams
Swing: Luke Lamar @luke._lamar

MM Stylist: Lindsey Dupuis @lindseydupuis
MM Makeup: Jessica Candage @jessicacmua
MM Hair: Jessica Miller @jessicamillerhair
BTS: Carly Sharp @carlyjeansharp
Social Media: Charlie Hall
Manager: Hayley Corbett @hayleycorbett
_

Stylist: Morgan Willkomm @Morgan_Willkomm
Wardrobe Assistant: Claire Andrews @clairandrews91
Makeup: Amanda Dixon @amandasalinasdixon 
Hair: Ryin Overton @ryinbeauty

Truck PA: Brandon Carpenter
Production Assistant: Alex Strobel @thealexstrobel
Production Assistant: John Mactavish @johndeclanmactavish
Production Assistant: Kennedy Martin @thekennedymartin (unsure)
Production Assistant: Garrett Schnabel
Crafty: Kyle Bryant
Set Medic: Amy Neufeld

Interrogation Guy: Brandon Lee
Agent: Gary Willis
Agent: Corwin Hammond
Catering: M&M Catering 
Picture Cars: Classic Ford Broncos @classicfordbroncos 

Post Production: 
Edit House: Work Editorial @workeditoriaL
Editor: Sebastian Zotoff @seabass.mov
Producer: Mia Cucufate

VFX: Forms @Forms__

Color: Apollo Post @apolloposthouse
Colorist: Avery Niles @avery_niles

#MeganMoroney #WishIDidnt #Cloud9",wish didnt megan moroney wish didnt dylan efron dont make me wish didnt megan moroney cloud megan moroney cloud megan moroney new album megan moroney megan moroney months later months later six months later megan moroney six months later what doesn't kill you calls you six months later let me se you the scene megan moroney man on the moon megan moroney am ok megan moroney tennesee orange man on the moon am ok tennesee orange,Megan Moroney - Wish I Didn't (Official Video),Official Video for ‚ÄúWish I Didn‚Äôt‚Äù by Megan Moroney Pre-Save + Pre-Order ‚ÄúCloud 9‚Äù the new album coming February 20: All Things Megan: Subscribe for Updates: TikTok: Instagram: Facebook: Twitter: Visit Website: Text Megan: +1 (404) 800-6373 Follow MoroneyHQ Instagram: TikTok: Starring: Dylan Efron @dylanefron Director: Lauren Dunn @laurenelizadunn Creative Director: Cece Dawson @cece_dawson Prod Co: PRETTYBIRD @prettybirdpic Executive Producer: Candice Dragonas @candeeedragon Producer: Megan Short @meganshorttt Production Supervisor: Jack Willkomm @jack_willkomm Prettybird Production Coordinator: Gabby Gammon @gabbygammon Production Coordinator: Patrick Jamison @patrick.jamison 1st Assistant Director: Tim Kloete @timbokloete Commissioner: Alexa Zeliger @lexdgr Director of Photography: Gus Bendinelli @gbendinelli Steadicam Operator: Larkin McLaughlin @larkinm7 1st AC: Josh Boyd @joshcboyd 2nd AC: Brooke Hamar @brooke_hamar DIT: Armand Holmes @film4real VTR: Owen Herndon @owen.w.herndon Production Designer: Ana Coccioletti @awnah Art Director: Ruby Guidara @ruby_guidara Props: Matt Arn Set Dresser: Dayson Ward @daysonzward Set Dresser: Ron Neal @ronnienealll Art PA: Arlie Burket Gaffer: Mike Gipson @mikeyg09 Best Boy Electric: Patrick Strunk 2nd Electric: Duke Moosbrugger @duke_135 3rd Electric: Mike Beatty Key Grip: Nathan Hughes Best Boy Grip: Nancie Kang 2nd Grip: Luke Cauthern @ninjagrip 3rd Grip: Davaughn Williams @davaughn.williams Swing: Luke Lamar @luke._lamar MM Stylist: Lindsey Dupuis @lindseydupuis MM Makeup: Jessica Candage @jessicacmua MM Hair: Jessica Miller @jessicamillerhair BTS: Carly Sharp @carlyjeansharp Social Media: Charlie Hall Manager: Hayley Corbett @hayleycorbett _ Stylist: Morgan Willkomm @Morgan_Willkomm Wardrobe Assistant: Claire Andrews @clairandrews91 Makeup: Amanda Dixon @amandasalinasdixon Hair: Ryin Overton @ryinbeauty Truck PA: Brandon Carpenter Production Assistant: Alex Strobel @thealexstrobel Production Assistant: John Mactavish @johndeclanmactavish Production Assistant: Kennedy Martin @thekennedymartin (unsure) Production Assistant: Garrett Schnabel Crafty: Kyle Bryant Set Medic: Amy Neufeld Interrogation Guy: Brandon Lee Agent: Gary Willis Agent: Corwin Hammond Catering: M&M Catering Picture Cars: Classic Ford Broncos @classicfordbroncos Post Production: Edit House: Work Editorial @workeditoriaL Editor: Sebastian Zotoff @seabass.mov Producer: Mia Cucufate VFX: Forms @Forms__ Color: Apollo Post @apolloposthouse Colorist: Avery Niles @avery_niles #MeganMoroney #WishIDidnt #Cloud9,Megan Moroney - Wish I Didn't (Official Video) Official Video for ‚ÄúWish I Didn‚Äôt‚Äù by Megan Moroney Pre-Save + Pre-Order ‚ÄúCloud 9‚Äù the new album coming February 20: All Things Megan: Subscribe for Updates: TikTok: Instagram: Facebook: Twitter: Visit Website: Text Megan: +1 (404) 800-6373 Follow MoroneyHQ Instagram: TikTok: Starring: Dylan Efron @dylanefron Director: Lauren Dunn @laurenelizadunn Creative Director: Cece Dawson @cece_dawson Prod Co: PRETTYBIRD @prettybirdpic Executive Producer: Candice Dragonas @candeeedragon Producer: Megan Short @meganshorttt Production Supervisor: Jack Willkomm @jack_willkomm Prettybird Production Coordinator: Gabby Gammon @gabbygammon Production Coordinator: Patrick Jamison @patrick.jamison 1st Assistant Director: Tim Kloete @timbokloete Commissioner: Alexa Zeliger @lexdgr Director of Photography: Gus Bendinelli @gbendinelli Steadicam Operator: Larkin McLaughlin @larkinm7 1st AC: Josh Boyd @joshcboyd 2nd AC: Brooke Hamar @brooke_hamar DIT: Armand Holmes @film4real VTR: Owen Herndon @owen.w.herndon Production Designer: Ana Coccioletti @awnah Art Director: Ruby Guidara @ruby_guidara Props: Matt Arn Set Dresser: Dayson Ward @daysonzward Set Dresser: Ron Neal @ronnienealll Art PA: Arlie Burket Gaffer: Mike Gipson @mikeyg09 Best Boy Electric: Patrick Strunk 2nd Electric: Duke Moosbrugger @duke_135 3rd Electric: Mike Beatty Key Grip: Nathan Hughes Best Boy Grip: Nancie Kang 2nd Grip: Luke Cauthern @ninjagrip 3rd Grip: Davaughn Williams @davaughn.williams Swing: Luke Lamar @luke._lamar MM Stylist: Lindsey Dupuis @lindseydupuis MM Makeup: Jessica Candage @jessicacmua MM Hair: Jessica Miller @jessicamillerhair BTS: Carly Sharp @carlyjeansharp Social Media: Charlie Hall Manager: Hayley Corbett @hayleycorbett _ Stylist: Morgan Willkomm @Morgan_Willkomm Wardrobe Assistant: Claire Andrews @clairandrews91 Makeup: Amanda Dixon @amandasalinasdixon Hair: Ryin Overton @ryinbeauty Truck PA: Brandon Carpenter Production Assistant: Alex Strobel @thealexstrobel Production Assistant: John Mactavish @johndeclanmactavish Production Assistant: Kennedy Martin @thekennedymartin (unsure) Production Assistant: Garrett Schnabel Crafty: Kyle Bryant Set Medic: Amy Neufeld Interrogation Guy: Brandon Lee Agent: Gary Willis Agent: Corwin Hammond Catering: M&M Catering Picture Cars: Classic Ford Broncos @classicfordbroncos Post Production: Edit House: Work Editorial @workeditoriaL Editor: Sebastian Zotoff @seabass.mov Producer: Mia Cucufate VFX: Forms @Forms__ Color: Apollo Post @apolloposthouse Colorist: Avery Niles @avery_niles #MeganMoroney #WishIDidnt #Cloud9,336,248,0.7380952380952381,0,0,0,0.2,0,megan moroney wish i didn't official video official video for wish i didn t by megan moroney pre save pre order cloud 9 the new album coming february 20 all things megan subscribe for updates tiktok instagram facebook twitter visit website text megan 1 404 800 6373 follow moroneyhq instagram tiktok starring dylan efron dylanefron director lauren dunn laurenelizadunn creative director cece dawson cece dawson prod co prettybird prettybirdpic executive producer candice dragonas candeeedragon producer megan short meganshorttt production supervisor jack willkomm jack willkomm prettybird production coordinator gabby gammon gabbygammon production coordinator patrick jamison patrick jamison 1st assistant director tim kloete timbokloete commissioner alexa zeliger lexdgr director of photography gus bendinelli gbendinelli steadicam operator larkin mclaughlin larkinm7 1st ac josh boyd joshcboyd 2nd ac brooke hamar brooke hamar dit armand holmes film4real vtr owen herndon owen w herndon production designer ana coccioletti awnah art director ruby guidara ruby guidara props matt arn set dresser dayson ward daysonzward set dresser ron neal ronnienealll art pa arlie burket gaffer mike gipson mikeyg09 best boy electric patrick strunk 2nd electric duke moosbrugger duke 135 3rd electric mike beatty key grip nathan hughes best boy grip nancie kang 2nd grip luke cauthern ninjagrip 3rd grip davaughn williams davaughn williams swing luke lamar luke lamar mm stylist lindsey dupuis lindseydupuis mm makeup jessica candage jessicacmua mm hair jessica miller jessicamillerhair bts carly sharp carlyjeansharp social media charlie hall manager hayley corbett hayleycorbett stylist morgan willkomm morgan willkomm wardrobe assistant claire andrews clairandrews91 makeup amanda dixon amandasalinasdixon hair ryin overton ryinbeauty truck pa brandon carpenter production assistant alex strobel thealexstrobel production assistant john mactavish johndeclanmactavish production assistant kennedy martin thekennedymartin unsure production assistant garrett schnabel crafty kyle bryant set medic amy neufeld interrogation guy brandon lee agent gary willis agent corwin hammond catering m m catering picture cars classic ford broncos classicfordbroncos post production edit house work editorial workeditorial editor sebastian zotoff seabass mov producer mia cucufate vfx forms forms color apollo post apolloposthouse colorist avery niles avery niles meganmoroney wishididnt cloud9
YTDfOe_6Xtw,2026-01-16T16:51:48Z,US,10,137317,7582,831,Finesse2Tymes - Discernment [Official Music Video],"FOLLOW FINESSE2TYMES
Instagram: https://Finesse2Tymes.lnk.to/Instagram
TikTok: https://Finesse2Tymes.lnk.to/TikTok
Twitter: https://Finesse2Tymes.lnk.to/Twitter
Facebook: https://Finesse2Tymes.lnk.to/Facebook
Discord: https://finesse2tymes.lnk.to/Discord

SUBSCRIBE TO FINESSE2TYMES YOUTUBE
https://Finesse2Tymes.lnk.to/Youtube

LISTEN TO FINESSE2TYMES
Apple: https://Finesse2Tymes.lnk.to/AppleMusic
Spotify: https://Finesse2Tymes.lnk.to/Spotify
Amazon: https://Finesse2Tymes.lnk.to/Amazon
Soundcloud: https://Finesse2Tymes.lnk.to/SoundCloud
Audiomack: https://Finesse2Tymes.lnk.to/Audiomack
 
The official YouTube channel of Finesse2Tymes. Subscribe for the latest music videos, performances, and more.",Finesse2Tymes Finesse 2 Tymes Finesse 2Tymes Finesse2Times Finesse 2 Times Finesse 2Times Finesse Two Tymes 1finesse2tymes Moneybagg Yo Bread Gang J Prince Mob Ties back end it's cool when they do it its cool when they do it it's a problem when I do it its a problem when I do it luv n hip hop tiktok,Finesse2Tymes - Discernment [Official Music Video],"FOLLOW FINESSE2TYMES Instagram: TikTok: Twitter: Facebook: Discord: SUBSCRIBE TO FINESSE2TYMES YOUTUBE LISTEN TO FINESSE2TYMES Apple: Spotify: Amazon: Soundcloud: Audiomack: The official YouTube channel of Finesse2Tymes. Subscribe for the latest music videos, performances, and more.","Finesse2Tymes - Discernment [Official Music Video] FOLLOW FINESSE2TYMES Instagram: TikTok: Twitter: Facebook: Discord: SUBSCRIBE TO FINESSE2TYMES YOUTUBE LISTEN TO FINESSE2TYMES Apple: Spotify: Amazon: Soundcloud: Audiomack: The official YouTube channel of Finesse2Tymes. Subscribe for the latest music videos, performances, and more.",39,29,0.7435897435897436,0,0,0,0.14634146341463414,0,finesse2tymes discernment official music video follow finesse2tymes instagram tiktok twitter facebook discord subscribe to finesse2tymes youtube listen to finesse2tymes apple spotify amazon soundcloud audiomack the official youtube channel of finesse2tymes subscribe for the latest music videos performances and more
iCvTrCngwQE,2026-01-16T05:44:23Z,US,10,536029,23989,437,STAY HERE 4 LIFE,"Provided to YouTube by A$AP Worldwide/RCA Records

STAY HERE 4 LIFE ¬∑ A$AP Rocky

Don't Be Dumb

‚Ñó 2026 A$AP Rocky Recordings LLC

Released on: 2026-01-16

Associated Performer: A$AP Rocky
Lyricist, Composer: Rakim Mayers
Producer: N/A

Auto-generated by YouTube.",A$AP Rocky „Ç®„Ç§„Çµ„ÉÉ„Éó„É≠„ÉÉ„Ç≠„Éº Don't Be Dumb STAY HERE 4 LIFE,STAY HERE 4 LIFE,"Provided to YouTube by A$AP Worldwide/RCA Records STAY HERE 4 LIFE ¬∑ A$AP Rocky Don't Be Dumb ‚Ñó 2026 A$AP Rocky Recordings LLC Released on: 2026-01-16 Associated Performer: A$AP Rocky Lyricist, Composer: Rakim Mayers Producer: N/A Auto-generated by YouTube.","STAY HERE 4 LIFE Provided to YouTube by A$AP Worldwide/RCA Records STAY HERE 4 LIFE ¬∑ A$AP Rocky Don't Be Dumb ‚Ñó 2026 A$AP Rocky Recordings LLC Released on: 2026-01-16 Associated Performer: A$AP Rocky Lyricist, Composer: Rakim Mayers Producer: N/A Auto-generated by YouTube.",50,34,0.68,0,0,0,1.0,1,stay here 4 life provided to youtube by a ap worldwide rca records stay here 4 life a ap rocky don't be dumb 2026 a ap rocky recordings llc released on 2026 01 16 associated performer a ap rocky lyricist composer rakim mayers producer n a auto generated by youtube
vORuXvy0S_s,2026-01-16T13:44:37Z,US,10,734203,5347,368,Ice Spice - Big Guy (Lyrics),"üéµ Follow the official 7clouds playlist on Spotify : http://spoti.fi/2SJsUcZ
‚Äãüéß Ice Spice - Big Guy (Lyrics)
‚è¨ Download / Stream: https://IceSpice.lnk.to/BigGuy
üîî Turn on notifications to stay updated with new uploads!

‚ù§Ô∏è Follow our Spotify playlists: http://bit.ly/7cloudsSpotify
üí™ Workout Music: http://workout.7clouds.link
üéÆ Gaming Music: http://gaming.7clouds.link
üåç Best Pop Music: http://pop.7clouds.link
ü§¨ Hardstyle Music: http://hardstyle.7clouds.link
ü•Å Drum & Bass: http://dnb.7clouds.link
üîä Hypertechno: http://techno.7clouds.link
üò° Phonk Music: http://phonk.7clouds.link
‚òÅÔ∏è 7clouds Releases: http://release.7clouds.link

üëâ Ice Spice
https://x.com/icespicee_
https://instagram.com/icespice

‚òÅÔ∏è 7clouds:
https://open.spotify.com/user/7cloudsmusic
https://soundcloud.com/7cloudsmusic
https://audiomack.com/7cloudsmusic
https://facebook.com/7cloudsofficial
https://discord.com/invite/d5Arh8Y
https://twitter.com/7cloudsmusic
https://instagram.com/7clouds
https://tiktok.com/@7clouds
https://7clouds.org

.........
üé§ Lyrics: Ice Spice - Big Guy 

[Intro]
Grrah
(Stop playin' with 'em, RIOT)

[Chorus]
Big guy, big guy, big-big guy, big guy
SpongeBob, big guy pants, okay (Grrah)
SpongeBob, big guy pants, okay (Grrah)
Big guy, big guy, big-big guy, big guy, grrah
SpongeBob, big guy pants, okay (Grrah)
SpongeBob, big guy pants, okay

[Post-Chorus]
Off the wake up, I'm feelin' my best (Like)
I bend over, I do my lil' stretch (Like)
Ain't a jellyfish, but I'm the catch (Like)
Feel like that fish, so I'm pumpin' my chest (Grrah)
I blow bubbles so big like Mrs. Puff (Grrah)
I be locked in, like, no, this isn't luck (Grrah)
Eatin' fancy, like, no, this isn't chum (Grrah)
With my bestie, like everything fun (Grrah, grrah, grrah)

[Chorus]
Big guy, big guy, big-big guy, big guy
SpongeBob, big guy pants, okay (Grrah)
SpongeBob, big guy pants, okay (Grrah)
Big guy, big guy, big-big guy, big guy
SpongeBob, big guy pants, okay (Like)
SpongeBob, big guy pants, okay

[Verse]
Big things 'bout to happen today
I woke up feelin' a brand new way
Facin' the world in a brand new way
SpongeBob, big guy pants, okay
Tight fit, square hips
Doin' a dance in my big guy pants
The baddest, the top of the list, I am
And all my pearls, they came fresh out a clam

[Chorus]
Big guy, big guy, big-big guy, big guy
SpongeBob, big guy pants, okay (Grrah)
SpongeBob, big guy pants, okay (Grrah)
Big guy, big guy, big-big guy, big guy
SpongeBob, big guy pants, okay (Like)
SpongeBob, big guy pants, okay

[Post-Chorus]
Off the wake up, I'm feelin' my best
Big things 'bout to happen today (Like)
I bend over, I do my lil' stretch
I woke up feelin' a brand new way (Like)
Ain't a jellyfish, but I'm the catch
Facin' the world in a brand new way (Like)
Feel like that fish, so I'm pumpin' my chest
SpongeBob, big guy pants, okay

[Chorus]
Big guy, big guy, big-big guy, big guy
SpongeBob, big guy pants, okay (Grrah)
SpongeBob, big guy pants, okay (Grrah)
Big guy, big guy, big-big guy, big guy
SpongeBob, big guy pants, okay (Like)
SpongeBob, big guy pants, okay

.........
üìß Contact / Demo Submissions: contact@7clouds.org
.........
üíå Demos / Music Submissions: https://7clouds.portal.district.biz
.........

#icespice #bigguy #lyrics #7clouds",big guy big guy lyrics lyrics big guy ice spice lyrics ice spice big guy big guy ice spice ice spice big guy lyrics lyrics ice spice big guy ice spice lyrics ice spice lyrics big guy big guy lyrics ice spice lyrics big guy ice spice big guy ice spice lyrics Big guy big guy big-big guy big guy SpongeBob big guy pants okay Big guy big guy big-big guy ice spice big guy song ice spice sponge bob ice spice sponge bob song sponge bob movie song music hits songs,Ice Spice - Big Guy (Lyrics),"üéµ Follow the official 7clouds playlist on Spotify : ‚Äãüéß Ice Spice - Big Guy (Lyrics) ‚è¨ Download / Stream: üîî Turn on notifications to stay updated with new uploads! ‚ù§Ô∏è Follow our Spotify playlists: üí™ Workout Music: üéÆ Gaming Music: üåç Best Pop Music: ü§¨ Hardstyle Music: ü•Å Drum & Bass: üîä Hypertechno: üò° Phonk Music: ‚òÅÔ∏è 7clouds Releases: üëâ Ice Spice ‚òÅÔ∏è 7clouds: ......... üé§ Lyrics: Ice Spice - Big Guy [Intro] Grrah (Stop playin' with 'em, RIOT) [Chorus] Big guy, big guy, big-big guy, big guy SpongeBob, big guy pants, okay (Grrah) SpongeBob, big guy pants, okay (Grrah) Big guy, big guy, big-big guy, big guy, grrah SpongeBob, big guy pants, okay (Grrah) SpongeBob, big guy pants, okay [Post-Chorus] Off the wake up, I'm feelin' my best (Like) I bend over, I do my lil' stretch (Like) Ain't a jellyfish, but I'm the catch (Like) Feel like that fish, so I'm pumpin' my chest (Grrah) I blow bubbles so big like Mrs. Puff (Grrah) I be locked in, like, no, this isn't luck (Grrah) Eatin' fancy, like, no, this isn't chum (Grrah) With my bestie, like everything fun (Grrah, grrah, grrah) [Chorus] Big guy, big guy, big-big guy, big guy SpongeBob, big guy pants, okay (Grrah) SpongeBob, big guy pants, okay (Grrah) Big guy, big guy, big-big guy, big guy SpongeBob, big guy pants, okay (Like) SpongeBob, big guy pants, okay [Verse] Big things 'bout to happen today I woke up feelin' a brand new way Facin' the world in a brand new way SpongeBob, big guy pants, okay Tight fit, square hips Doin' a dance in my big guy pants The baddest, the top of the list, I am And all my pearls, they came fresh out a clam [Chorus] Big guy, big guy, big-big guy, big guy SpongeBob, big guy pants, okay (Grrah) SpongeBob, big guy pants, okay (Grrah) Big guy, big guy, big-big guy, big guy SpongeBob, big guy pants, okay (Like) SpongeBob, big guy pants, okay [Post-Chorus] Off the wake up, I'm feelin' my best Big things 'bout to happen today (Like) I bend over, I do my lil' stretch I woke up feelin' a brand new way (Like) Ain't a jellyfish, but I'm the catch Facin' the world in a brand new way (Like) Feel like that fish, so I'm pumpin' my chest SpongeBob, big guy pants, okay [Chorus] Big guy, big guy, big-big guy, big guy SpongeBob, big guy pants, okay (Grrah) SpongeBob, big guy pants, okay (Grrah) Big guy, big guy, big-big guy, big guy SpongeBob, big guy pants, okay (Like) SpongeBob, big guy pants, okay ......... üìß Contact / Demo Submissions: contact@7clouds.org ......... üíå Demos / Music Submissions: ......... #icespice #bigguy #lyrics #7clouds","Ice Spice - Big Guy (Lyrics) üéµ Follow the official 7clouds playlist on Spotify : ‚Äãüéß Ice Spice - Big Guy (Lyrics) ‚è¨ Download / Stream: üîî Turn on notifications to stay updated with new uploads! ‚ù§Ô∏è Follow our Spotify playlists: üí™ Workout Music: üéÆ Gaming Music: üåç Best Pop Music: ü§¨ Hardstyle Music: ü•Å Drum & Bass: üîä Hypertechno: üò° Phonk Music: ‚òÅÔ∏è 7clouds Releases: üëâ Ice Spice ‚òÅÔ∏è 7clouds: ......... üé§ Lyrics: Ice Spice - Big Guy [Intro] Grrah (Stop playin' with 'em, RIOT) [Chorus] Big guy, big guy, big-big guy, big guy SpongeBob, big guy pants, okay (Grrah) SpongeBob, big guy pants, okay (Grrah) Big guy, big guy, big-big guy, big guy, grrah SpongeBob, big guy pants, okay (Grrah) SpongeBob, big guy pants, okay [Post-Chorus] Off the wake up, I'm feelin' my best (Like) I bend over, I do my lil' stretch (Like) Ain't a jellyfish, but I'm the catch (Like) Feel like that fish, so I'm pumpin' my chest (Grrah) I blow bubbles so big like Mrs. Puff (Grrah) I be locked in, like, no, this isn't luck (Grrah) Eatin' fancy, like, no, this isn't chum (Grrah) With my bestie, like everything fun (Grrah, grrah, grrah) [Chorus] Big guy, big guy, big-big guy, big guy SpongeBob, big guy pants, okay (Grrah) SpongeBob, big guy pants, okay (Grrah) Big guy, big guy, big-big guy, big guy SpongeBob, big guy pants, okay (Like) SpongeBob, big guy pants, okay [Verse] Big things 'bout to happen today I woke up feelin' a brand new way Facin' the world in a brand new way SpongeBob, big guy pants, okay Tight fit, square hips Doin' a dance in my big guy pants The baddest, the top of the list, I am And all my pearls, they came fresh out a clam [Chorus] Big guy, big guy, big-big guy, big guy SpongeBob, big guy pants, okay (Grrah) SpongeBob, big guy pants, okay (Grrah) Big guy, big guy, big-big guy, big guy SpongeBob, big guy pants, okay (Like) SpongeBob, big guy pants, okay [Post-Chorus] Off the wake up, I'm feelin' my best Big things 'bout to happen today (Like) I bend over, I do my lil' stretch I woke up feelin' a brand new way (Like) Ain't a jellyfish, but I'm the catch Facin' the world in a brand new way (Like) Feel like that fish, so I'm pumpin' my chest SpongeBob, big guy pants, okay [Chorus] Big guy, big guy, big-big guy, big guy SpongeBob, big guy pants, okay (Grrah) SpongeBob, big guy pants, okay (Grrah) Big guy, big guy, big-big guy, big guy SpongeBob, big guy pants, okay (Like) SpongeBob, big guy pants, okay ......... üìß Contact / Demo Submissions: contact@7clouds.org ......... üíå Demos / Music Submissions: ......... #icespice #bigguy #lyrics #7clouds",442,123,0.27828054298642535,0,0,0,0.25,1,ice spice big guy lyrics follow the official 7clouds playlist on spotify ice spice big guy lyrics download stream turn on notifications to stay updated with new uploads follow our spotify playlists workout music gaming music best pop music hardstyle music drum bass hypertechno phonk music 7clouds releases ice spice 7clouds lyrics ice spice big guy intro grrah stop playin' with 'em riot chorus big guy big guy big big guy big guy spongebob big guy pants okay grrah spongebob big guy pants okay grrah big guy big guy big big guy big guy grrah spongebob big guy pants okay grrah spongebob big guy pants okay post chorus off the wake up i'm feelin' my best like i bend over i do my lil' stretch like ain't a jellyfish but i'm the catch like feel like that fish so i'm pumpin' my chest grrah i blow bubbles so big like mrs puff grrah i be locked in like no this isn't luck grrah eatin' fancy like no this isn't chum grrah with my bestie like everything fun grrah grrah grrah chorus big guy big guy big big guy big guy spongebob big guy pants okay grrah spongebob big guy pants okay grrah big guy big guy big big guy big guy spongebob big guy pants okay like spongebob big guy pants okay verse big things 'bout to happen today i woke up feelin' a brand new way facin' the world in a brand new way spongebob big guy pants okay tight fit square hips doin' a dance in my big guy pants the baddest the top of the list i am and all my pearls they came fresh out a clam chorus big guy big guy big big guy big guy spongebob big guy pants okay grrah spongebob big guy pants okay grrah big guy big guy big big guy big guy spongebob big guy pants okay like spongebob big guy pants okay post chorus off the wake up i'm feelin' my best big things 'bout to happen today like i bend over i do my lil' stretch i woke up feelin' a brand new way like ain't a jellyfish but i'm the catch facin' the world in a brand new way like feel like that fish so i'm pumpin' my chest spongebob big guy pants okay chorus big guy big guy big big guy big guy spongebob big guy pants okay grrah spongebob big guy pants okay grrah big guy big guy big big guy big guy spongebob big guy pants okay like spongebob big guy pants okay contact demo submissions contact 7clouds org demos music submissions icespice bigguy lyrics 7clouds
lnNevHkIHlk,2026-01-12T19:39:45Z,US,10,254875,498,1,Grupo Firme - Grupo Recluta - Se Fue La Pantera  (Letra),"‚ú®¬°Gracias por ver el video! Espero que te haya gustado!‚ú®üé∂

‚û• Nuestra Playlist! de Youtube!:

üîî No olvides activar las notificaciones para estar al tanto de futuros v√≠deos.üîä 
‚û°Ô∏è Recuerda ver el v√≠deo oficial por aqu√≠:

https://youtu.be/5mqc64IWX2w?si=3_xhQftRdwNVkgvd

üìù Aqu√≠ te dejo la letra/lyrics:üóí


lyrics

se fue la pantera
grupo recluta
con los firmes, compa
j√°lese, viejones, dice
j√°lese, compa neto
as√≠ suena la indicada, viejo, uah
qu√© suene bonito, viejo, auh
salucita, compadre
v√°mosle, compa manuel√≥n
yeah
y suena
ser√≠a por miedo
a√∫n queda la duda de lo que hicieron
y si contest√≥ la rosita al fuego
rosario, el nombre del hombre que se fue
y de negro, como la pantera que
portaba en la cintura siempre con √©l
era su fiel compa√±era
cachas rosas, la pantera
me toc√≥ mirarlo
suerte que viv√≠ para platicarlo (uah)
a los doce empez√≥ tirando barrio
para los trompos fue bronco y era un cabr√≥n
le sac√≥, varios hocicos revent√≥
de la escuela la √∫ltima vez se brinc√≥
dijo, ""no voy a hacerme rico
trabajando de ocho a cinco""
√©chele, banda
en aquel bulevar se salv√≥ el nissan
pues tir√≥ a rematar, ah√≠ va montserrat
rosario baj√≥ tirando del pathfinder
para que no fueran a darle
a su ni√±a aquellos cobardes
y porque vivir en este mundo es caro
pero incluye viaje gratis, viejo
puro recluta
por la misma ruta con los firmes, viejo
ah-jay
arriba tijuana y mexicali, chingado
uah
ah√≠ nom√°s (ah, ja, ja, ja)
fue lluvia de balas
se fue la pantera muy a la mala
hoy se encuentra en jardines del humaya
rezan por √©l una madre y su mujer
una ni√±a le llora al retrato de √©l
""papi, s√© que me escuchas, soy tu beb√©""
cuarenta balas no eran nada
para el miedo que le cargaban
vivi√≥ la vida a su modo, as√≠ le gust√≥
dos d√≠as antes de su muerte festej√≥
su cumplea√±os, y dijo alegre al brindar
""le pido perd√≥n a la vida
si me fui sin avisar""
se fue la pantera
ah√≠ qued√≥, para ti compadre
se fue la pantera
con los firmes, grupo recluta
uh
se va
puro music vip
yeah
ah√≠ nom√°s



#grupofirme  #gruporecluta  #sefuelapantera #letra #BigSound",musica en tendencia viral musica lyrics musica subtitulada corridos musica mexicana reguenton urbano trap,Grupo Firme - Grupo Recluta - Se Fue La Pantera (Letra),"‚ú®¬°Gracias por ver el video! Espero que te haya gustado!‚ú®üé∂ ‚û• Nuestra Playlist! de Youtube!: üîî No olvides activar las notificaciones para estar al tanto de futuros v√≠deos.üîä ‚û°Ô∏è Recuerda ver el v√≠deo oficial por aqu√≠: üìù Aqu√≠ te dejo la letra/lyrics:üóí lyrics se fue la pantera grupo recluta con los firmes, compa j√°lese, viejones, dice j√°lese, compa neto as√≠ suena la indicada, viejo, uah qu√© suene bonito, viejo, auh salucita, compadre v√°mosle, compa manuel√≥n yeah y suena ser√≠a por miedo a√∫n queda la duda de lo que hicieron y si contest√≥ la rosita al fuego rosario, el nombre del hombre que se fue y de negro, como la pantera que portaba en la cintura siempre con √©l era su fiel compa√±era cachas rosas, la pantera me toc√≥ mirarlo suerte que viv√≠ para platicarlo (uah) a los doce empez√≥ tirando barrio para los trompos fue bronco y era un cabr√≥n le sac√≥, varios hocicos revent√≥ de la escuela la √∫ltima vez se brinc√≥ dijo, ""no voy a hacerme rico trabajando de ocho a cinco"" √©chele, banda en aquel bulevar se salv√≥ el nissan pues tir√≥ a rematar, ah√≠ va montserrat rosario baj√≥ tirando del pathfinder para que no fueran a darle a su ni√±a aquellos cobardes y porque vivir en este mundo es caro pero incluye viaje gratis, viejo puro recluta por la misma ruta con los firmes, viejo ah-jay arriba tijuana y mexicali, chingado uah ah√≠ nom√°s (ah, ja, ja, ja) fue lluvia de balas se fue la pantera muy a la mala hoy se encuentra en jardines del humaya rezan por √©l una madre y su mujer una ni√±a le llora al retrato de √©l ""papi, s√© que me escuchas, soy tu beb√©"" cuarenta balas no eran nada para el miedo que le cargaban vivi√≥ la vida a su modo, as√≠ le gust√≥ dos d√≠as antes de su muerte festej√≥ su cumplea√±os, y dijo alegre al brindar ""le pido perd√≥n a la vida si me fui sin avisar"" se fue la pantera ah√≠ qued√≥, para ti compadre se fue la pantera con los firmes, grupo recluta uh se va puro music vip yeah ah√≠ nom√°s #grupofirme #gruporecluta #sefuelapantera #letra #BigSound","Grupo Firme - Grupo Recluta - Se Fue La Pantera (Letra) ‚ú®¬°Gracias por ver el video! Espero que te haya gustado!‚ú®üé∂ ‚û• Nuestra Playlist! de Youtube!: üîî No olvides activar las notificaciones para estar al tanto de futuros v√≠deos.üîä ‚û°Ô∏è Recuerda ver el v√≠deo oficial por aqu√≠: üìù Aqu√≠ te dejo la letra/lyrics:üóí lyrics se fue la pantera grupo recluta con los firmes, compa j√°lese, viejones, dice j√°lese, compa neto as√≠ suena la indicada, viejo, uah qu√© suene bonito, viejo, auh salucita, compadre v√°mosle, compa manuel√≥n yeah y suena ser√≠a por miedo a√∫n queda la duda de lo que hicieron y si contest√≥ la rosita al fuego rosario, el nombre del hombre que se fue y de negro, como la pantera que portaba en la cintura siempre con √©l era su fiel compa√±era cachas rosas, la pantera me toc√≥ mirarlo suerte que viv√≠ para platicarlo (uah) a los doce empez√≥ tirando barrio para los trompos fue bronco y era un cabr√≥n le sac√≥, varios hocicos revent√≥ de la escuela la √∫ltima vez se brinc√≥ dijo, ""no voy a hacerme rico trabajando de ocho a cinco"" √©chele, banda en aquel bulevar se salv√≥ el nissan pues tir√≥ a rematar, ah√≠ va montserrat rosario baj√≥ tirando del pathfinder para que no fueran a darle a su ni√±a aquellos cobardes y porque vivir en este mundo es caro pero incluye viaje gratis, viejo puro recluta por la misma ruta con los firmes, viejo ah-jay arriba tijuana y mexicali, chingado uah ah√≠ nom√°s (ah, ja, ja, ja) fue lluvia de balas se fue la pantera muy a la mala hoy se encuentra en jardines del humaya rezan por √©l una madre y su mujer una ni√±a le llora al retrato de √©l ""papi, s√© que me escuchas, soy tu beb√©"" cuarenta balas no eran nada para el miedo que le cargaban vivi√≥ la vida a su modo, as√≠ le gust√≥ dos d√≠as antes de su muerte festej√≥ su cumplea√±os, y dijo alegre al brindar ""le pido perd√≥n a la vida si me fui sin avisar"" se fue la pantera ah√≠ qued√≥, para ti compadre se fue la pantera con los firmes, grupo recluta uh se va puro music vip yeah ah√≠ nom√°s #grupofirme #gruporecluta #sefuelapantera #letra #BigSound",386,212,0.5492227979274611,0,0,0,0.21951219512195122,0,grupo firme grupo recluta se fue la pantera letra gracias por ver el video espero que te haya gustado nuestra playlist de youtube no olvides activar las notificaciones para estar al tanto de futuros v deos recuerda ver el v deo oficial por aqu aqu te dejo la letra lyrics lyrics se fue la pantera grupo recluta con los firmes compa j lese viejones dice j lese compa neto as suena la indicada viejo uah qu suene bonito viejo auh salucita compadre v mosle compa manuel n yeah y suena ser a por miedo a n queda la duda de lo que hicieron y si contest la rosita al fuego rosario el nombre del hombre que se fue y de negro como la pantera que portaba en la cintura siempre con l era su fiel compa era cachas rosas la pantera me toc mirarlo suerte que viv para platicarlo uah a los doce empez tirando barrio para los trompos fue bronco y era un cabr n le sac varios hocicos revent de la escuela la ltima vez se brinc dijo no voy a hacerme rico trabajando de ocho a cinco chele banda en aquel bulevar se salv el nissan pues tir a rematar ah va montserrat rosario baj tirando del pathfinder para que no fueran a darle a su ni a aquellos cobardes y porque vivir en este mundo es caro pero incluye viaje gratis viejo puro recluta por la misma ruta con los firmes viejo ah jay arriba tijuana y mexicali chingado uah ah nom s ah ja ja ja fue lluvia de balas se fue la pantera muy a la mala hoy se encuentra en jardines del humaya rezan por l una madre y su mujer una ni a le llora al retrato de l papi s que me escuchas soy tu beb cuarenta balas no eran nada para el miedo que le cargaban vivi la vida a su modo as le gust dos d as antes de su muerte festej su cumplea os y dijo alegre al brindar le pido perd n a la vida si me fui sin avisar se fue la pantera ah qued para ti compadre se fue la pantera con los firmes grupo recluta uh se va puro music vip yeah ah nom s grupofirme gruporecluta sefuelapantera letra bigsound
5kpiZr3tTgg,2026-01-15T10:00:18Z,US,10,252304,12183,329,Monsters,"Provided to YouTube by The Orchard Enterprises

Monsters ¬∑ Joyner Lucas ¬∑ Gary Lucas

Monsters

‚Ñó 2026 Twenty Nine Music Group Distributed by Tully

Released on: 2026-01-16

Producer: Aukoustics
Producer: Digital Farm Animals
Producer: Matt Zara
Producer: BullySongs
Producer: Reece Bullimore
Producer: David Saint Fleur
Music Publisher: Reservoir

Auto-generated by YouTube.",Joyner Lucas Gary Lucas Monsters,Monsters,Provided to YouTube by The Orchard Enterprises Monsters ¬∑ Joyner Lucas ¬∑ Gary Lucas Monsters ‚Ñó 2026 Twenty Nine Music Group Distributed by Tully Released on: 2026-01-16 Producer: Aukoustics Producer: Digital Farm Animals Producer: Matt Zara Producer: BullySongs Producer: Reece Bullimore Producer: David Saint Fleur Music Publisher: Reservoir Auto-generated by YouTube.,Monsters Provided to YouTube by The Orchard Enterprises Monsters ¬∑ Joyner Lucas ¬∑ Gary Lucas Monsters ‚Ñó 2026 Twenty Nine Music Group Distributed by Tully Released on: 2026-01-16 Producer: Aukoustics Producer: Digital Farm Animals Producer: Matt Zara Producer: BullySongs Producer: Reece Bullimore Producer: David Saint Fleur Music Publisher: Reservoir Auto-generated by YouTube.,52,39,0.75,0,0,0,0.125,0,monsters provided to youtube by the orchard enterprises monsters joyner lucas gary lucas monsters 2026 twenty nine music group distributed by tully released on 2026 01 16 producer aukoustics producer digital farm animals producer matt zara producer bullysongs producer reece bullimore producer david saint fleur music publisher reservoir auto generated by youtube
PCA7eHiZNF8,2026-01-16T18:00:32Z,US,10,216164,6485,325,42 Dugg - IDB (Official Video),"Pre-Save ""Part Three"": https://www.42duggmusic.com
Stream """"IDB"""": https://42dugg.lnk.to/IDB

Follow 42 Dugg: 
https://www.instagram.com/42_dugggg/
https://x.com/42_Dugg

#42dugg #IDB #Part3

Music video by 42 Dugg performing IDB.¬© 2025 CMG/Interscope Records",42 Dugg 4PF/CMG/Interscope Records Hip Hop we not done 42 dugg 42 dugg we not done we not done 42 we not done 42dugg dugg 42 42 dug 42 dugg new song new 42 dugg we ain't done 42 dugg 42 dugg not done not done 42 dugg 42 dugg new album 43 dugg dugg we're not done 42 dugg 2025 42 doug,42 Dugg - IDB (Official Video),"Pre-Save ""Part Three"": Stream """"IDB"""": Follow 42 Dugg: #42dugg #IDB #Part3 Music video by 42 Dugg performing IDB.¬© 2025 CMG/Interscope Records","42 Dugg - IDB (Official Video) Pre-Save ""Part Three"": Stream """"IDB"""": Follow 42 Dugg: #42dugg #IDB #Part3 Music video by 42 Dugg performing IDB.¬© 2025 CMG/Interscope Records",28,20,0.7142857142857143,0,0,0,0.3,0,42 dugg idb official video pre save part three stream idb follow 42 dugg 42dugg idb part3 music video by 42 dugg performing idb 2025 cmg interscope records
