video_id,region,category_id,published_at,view_count,like_count,comment_count,title,description,tags,document_raw,document_clean,title_len,description_len,document_len,token_count,tokens_joined
7sxVHYZ_PnA,US,10,2026-01-23T17:00:07Z,7725367,454756,27473,Harry Styles - Aperture (Official Video),"Official Video for ‚ÄúAperture‚Äù by Harry Styles 
Harry‚Äôs new album ‚ÄúKiss All The Time. Disco, Occasionally.‚Äù is available March 6th: https://hstyles.lnk.to/storeID 

YouTube: https://hstyles.lnk.to/Aperture/YouTube 
Amazon Music: https://hstyles.lnk.to/Aperture/AmazonMusic 
Apple Music: https://hstyles.lnk.to/Aperture/AppleMusic 
Deezer: https://hstyles.lnk.to/Aperture/Deezer 
iTunes: https://hstyles.lnk.to/Aperture/iTunes 
Pandora: https://hstyles.lnk.to/Aperture/Pandora 
SoundCloud: https://hstyles.lnk.to/Aperture/SoundCloud  
Spotify: https://hstyles.lnk.to/Aperture/Spotify 
YouTube Music: https://hstyles.lnk.to/Aperture/YouTubeMusic 

Follow Harry Styles 
Instagram: https://hstyles.lnk.to/follow/instagram 
Facebook: https://hstyles.lnk.to/follow/facebook 
YouTube: https://hstyles.lnk.to/follow/youtube 

Follow HSHQ: 
Instagram: https://HStyles.lnk.to/HSHQIG 
TikTok: https://HStyles.lnk.to/HSHQTT 
SMS/WhatsApp: https://HStyles.lnk.to/HSHQWA 

Credits 
Written and Directed by Aube Perrie 
Produced by DIVISION 
Creative Director: Molly Hawkins  
Choreographer: Ryan Heffington 
Division MD/EP: Elena Argiros 
Division Co-Founder: Jules de Chateleux 
Division Producer: Elena Argiros 
 LFR EP/Producer: Luigi Rossi 
LFR EP/Producer: Francesco Rizzo 
Producer/Commissioner: Bryan Younce 
Management: Full Stop Management 
 
DOP: Chris Ripley 
Editor: Gwen Ghelid 
1st AD: Boma Pennebaker 
Stunt Coordinator: Stephen Dunlevy 
Stunt Performer - The Stranger: Kyle Soderman 
Stunt Performer - The Stranger: Pasha Petkun 
Stunt Performer - Harry: LJ LaVecchia 
Stunt Performer - Harry: Will Greenburg 
Dancer - The Stranger: Danny Dolan 
Production Designer: Patience Harding 
SFX Artist: Chelsea Delfino 
Artist Stylist: Harry Lambert 
Costume Designer: Lindsey Hartman 
VFX Creative Director: John Leonti 
Senior Colorist: Mikey Pehanich 
Sound Designer: Mark Hellaby 
Location Manager: Matt Stevens
 
Production Service: LFR Productions
Production Supervisor: Laura Goldenstein
Production Coordinator: Daphne Lucas
Casting Director: Allison Twardziak 
 
2nd AD: Kendall Wilmot
1st AC A-Cam: Jacob Perry 
2nd AC A-Cam: McKay Todd 
Cam Op B-Cam: Adam Hull 
1st AC B-Cam: Connor Lambert 
2nd AC B-Cam: Will Hecht
Steadicam: Jose Espinoza 
Sound Mixer: Brendan Beebe
Boom Op: Juan Cisneros 
VTR: Angel Cifuentes
Gaffer: Mathias Peralta 
Key Grip: Matt Planer 
Stunts: Action Factory 
Choreographer‚Äôs Assistant: Josh Lamb 
 
Art Coordinator: Megan Mantia 
Set Decorator: Caroline Jackson 
Prop Master: Marcy Silver 
Artist Skin: Dotti 
Artist Hair: Matt Mullhall 
Make Up Assistant: Brittany Turpen 
Hair: Rheanne Garcia 
Hair Assistant: Patrick Kilian White 
Hair Assistant: Teresita Mariscal 
 
VFX: Arc Creative 
Editing: Collectiv 
Color: Royal Muster 
Sound: 750mph 
Producer: Carla Thomas
Film Processing: Fotokem

#HarryStyles #KissAllTheTimeDiscoOccasionally #Aperture",Harry styles aperture aperture official video harry styles music video aperture official music video harry styles aperture let the light in we belong together harry styles we belong together together together harry styles together together harry styles lyrics harry styles new music video harry styles tour harry styles music new harry styles new harry styles song kiss all the time disco occasionally kiss all the time disco occasionally hs4,"Harry Styles - Aperture (Official Video) Official Video for ‚ÄúAperture‚Äù by Harry Styles 
Harry‚Äôs new album ‚ÄúKiss All The Time. Disco, Occasionally.‚Äù is available March 6th: https://hstyles.lnk.to/storeID 

YouTube: https://hstyles.lnk.to/Aperture/YouTube 
Amazon Music: https://hstyles.lnk.to/Aperture/AmazonMusic 
Apple Music: https://hstyles.lnk.to/Aperture/AppleMusic 
Deezer: https://hstyles.lnk.to/Aperture/Deezer 
iTunes: https://hstyles.lnk.to/Aperture/iTunes 
Pandora: https://hstyles.lnk.to/Aperture/Pandora 
SoundCloud: https://hstyles.lnk.to/Aperture/SoundCloud  
Spotify: https://hstyles.lnk.to/Aperture/Spotify 
YouTube Music: https://hstyles.lnk.to/Aperture/YouTubeMusic 

Follow Harry Styles 
Instagram: https://hstyles.lnk.to/follow/instagram 
Facebook: https://hstyles.lnk.to/follow/facebook 
YouTube: https://hstyles.lnk.to/follow/youtube 

Follow HSHQ: 
Instagram: https://HStyles.lnk.to/HSHQIG 
TikTok: https://HStyles.lnk.to/HSHQTT 
SMS/WhatsApp: https://HStyles.lnk.to/HSHQWA 

Credits 
Written and Directed by Aube Perrie 
Produced by DIVISION 
Creative Director: Molly Hawkins  
Choreographer: Ryan Heffington 
Division MD/EP: Elena Argiros 
Division Co-Founder: Jules de Chateleux 
Division Producer: Elena Argiros 
 LFR EP/Producer: Luigi Rossi 
LFR EP/Producer: Francesco Rizzo 
Producer/Commissioner: Bryan Younce 
Management: Full Stop Management 
 
DOP: Chris Ripley 
Editor: Gwen Ghelid 
1st AD: Boma Pennebaker 
Stunt Coordinator: Stephen Dunlevy 
Stunt Performer - The Stranger: Kyle Soderman 
Stunt Performer - The Stranger: Pasha Petkun 
Stunt Performer - Harry: LJ LaVecchia 
Stunt Performer - Harry: Will Greenburg 
Dancer - The Stranger: Danny Dolan 
Production Designer: Patience Harding 
SFX Artist: Chelsea Delfino 
Artist Stylist: Harry Lambert 
Costume Designer: Lindsey Hartman 
VFX Creative Director: John Leonti 
Senior Colorist: Mikey Pehanich 
Sound Designer: Mark Hellaby 
Location Manager: Matt Stevens
 
Production Service: LFR Productions
Production Supervisor: Laura Goldenstein
Production Coordinator: Daphne Lucas
Casting Director: Allison Twardziak 
 
2nd AD: Kendall Wilmot
1st AC A-Cam: Jacob Perry 
2nd AC A-Cam: McKay Todd 
Cam Op B-Cam: Adam Hull 
1st AC B-Cam: Connor Lambert 
2nd AC B-Cam: Will Hecht
Steadicam: Jose Espinoza 
Sound Mixer: Brendan Beebe
Boom Op: Juan Cisneros 
VTR: Angel Cifuentes
Gaffer: Mathias Peralta 
Key Grip: Matt Planer 
Stunts: Action Factory 
Choreographer‚Äôs Assistant: Josh Lamb 
 
Art Coordinator: Megan Mantia 
Set Decorator: Caroline Jackson 
Prop Master: Marcy Silver 
Artist Skin: Dotti 
Artist Hair: Matt Mullhall 
Make Up Assistant: Brittany Turpen 
Hair: Rheanne Garcia 
Hair Assistant: Patrick Kilian White 
Hair Assistant: Teresita Mariscal 
 
VFX: Arc Creative 
Editing: Collectiv 
Color: Royal Muster 
Sound: 750mph 
Producer: Carla Thomas
Film Processing: Fotokem

#HarryStyles #KissAllTheTimeDiscoOccasionally #Aperture","Harry Styles - Aperture (Official Video) Official Video for ‚ÄúAperture‚Äù by Harry Styles Harry‚Äôs new album ‚ÄúKiss All The Time. Disco, Occasionally.‚Äù is available March 6th: YouTube: Amazon Music: Apple Music: Deezer: iTunes: Pandora: SoundCloud: Spotify: YouTube Music: Follow Harry Styles Instagram: Facebook: YouTube: Follow HSHQ: Instagram: TikTok: SMS/WhatsApp: Credits Written and Directed by Aube Perrie Produced by DIVISION Creative Director: Molly Hawkins Choreographer: Ryan Heffington Division MD/EP: Elena Argiros Division Co-Founder: Jules de Chateleux Division Producer: Elena Argiros LFR EP/Producer: Luigi Rossi LFR EP/Producer: Francesco Rizzo Producer/Commissioner: Bryan Younce Management: Full Stop Management DOP: Chris Ripley Editor: Gwen Ghelid 1st AD: Boma Pennebaker Stunt Coordinator: Stephen Dunlevy Stunt Performer - The Stranger: Kyle Soderman Stunt Performer - The Stranger: Pasha Petkun Stunt Performer - Harry: LJ LaVecchia Stunt Performer - Harry: Will Greenburg Dancer - The Stranger: Danny Dolan Production Designer: Patience Harding SFX Artist: Chelsea Delfino Artist Stylist: Harry Lambert Costume Designer: Lindsey Hartman VFX Creative Director: John Leonti Senior Colorist: Mikey Pehanich Sound Designer: Mark Hellaby Location Manager: Matt Stevens Production Service: LFR Productions Production Supervisor: Laura Goldenstein Production Coordinator: Daphne Lucas Casting Director: Allison Twardziak 2nd AD: Kendall Wilmot 1st AC A-Cam: Jacob Perry 2nd AC A-Cam: McKay Todd Cam Op B-Cam: Adam Hull 1st AC B-Cam: Connor Lambert 2nd AC B-Cam: Will Hecht Steadicam: Jose Espinoza Sound Mixer: Brendan Beebe Boom Op: Juan Cisneros VTR: Angel Cifuentes Gaffer: Mathias Peralta Key Grip: Matt Planer Stunts: Action Factory Choreographer‚Äôs Assistant: Josh Lamb Art Coordinator: Megan Mantia Set Decorator: Caroline Jackson Prop Master: Marcy Silver Artist Skin: Dotti Artist Hair: Matt Mullhall Make Up Assistant: Brittany Turpen Hair: Rheanne Garcia Hair Assistant: Patrick Kilian White Hair Assistant: Teresita Mariscal VFX: Arc Creative Editing: Collectiv Color: Royal Muster Sound: 750mph Producer: Carla Thomas Film Processing: Fotokem #HarryStyles #KissAllTheTimeDiscoOccasionally #Aperture",40,2183,2224,308,harry styles aperture official video official video for aperture by harry styles harry s new album kiss all the time disco occasionally is available march 6th youtube amazon music apple music deezer itunes pandora soundcloud spotify youtube music follow harry styles instagram facebook youtube follow hshq instagram tiktok sms whatsapp credits written and directed by aube perrie produced by division creative director molly hawkins choreographer ryan heffington division md ep elena argiros division co founder jules de chateleux division producer elena argiros lfr ep producer luigi rossi lfr ep producer francesco rizzo producer commissioner bryan younce management full stop management dop chris ripley editor gwen ghelid 1st ad boma pennebaker stunt coordinator stephen dunlevy stunt performer the stranger kyle soderman stunt performer the stranger pasha petkun stunt performer harry lj lavecchia stunt performer harry will greenburg dancer the stranger danny dolan production designer patience harding sfx artist chelsea delfino artist stylist harry lambert costume designer lindsey hartman vfx creative director john leonti senior colorist mikey pehanich sound designer mark hellaby location manager matt stevens production service lfr productions production supervisor laura goldenstein production coordinator daphne lucas casting director allison twardziak 2nd ad kendall wilmot 1st ac a cam jacob perry 2nd ac a cam mckay todd cam op b cam adam hull 1st ac b cam connor lambert 2nd ac b cam will hecht steadicam jose espinoza sound mixer brendan beebe boom op juan cisneros vtr angel cifuentes gaffer mathias peralta key grip matt planer stunts action factory choreographer s assistant josh lamb art coordinator megan mantia set decorator caroline jackson prop master marcy silver artist skin dotti artist hair matt mullhall make up assistant brittany turpen hair rheanne garcia hair assistant patrick kilian white hair assistant teresita mariscal vfx arc creative editing collectiv color royal muster sound 750mph producer carla thomas film processing fotokem harrystyles kissallthetimediscooccasionally aperture
G1l_yUbex0g,US,10,2026-01-23T18:00:07Z,180499,9370,477,Belly Gang Kushington - Rent Due (Official Music Video),"Belly Gang Kushington - Rent Due (Official Music Video)
Listen/Download: https://ffm.to/streetsisyoursreup

Subscribe for more official content from Belly Gang Kushington :
https://www.youtube.com/@UCxw78-TUwaA2xqQkmjVHGLw 

Follow BellyGang Kushington:
https://www.instagram.com/bellygangkushington/
https://twitter.com/bellygangkush
https://www.tiktok.com/@bellygangkush

#BellyGangKushington #RentDue #TheStreetsIsYours",belly gang Kushingon Wafi belly gang Young thug YKNiece Belly gang Kushington YKNiece friend do remix Friend do remix Geeked up looking for an eater Belly gang Kushington the streets is yours Rap music Atlanta Lil baby 21 savage Future Belly gang kush Bendadonnn Reggie stream Viral TikTok Belly gang dad Belly gang Wafi belly gang pig latin belly gang kush benadadonn belly gang kushington bendadonnn friend do yk friend do belly gang Belly Gang Lyrics,"Belly Gang Kushington - Rent Due (Official Music Video) Belly Gang Kushington - Rent Due (Official Music Video)
Listen/Download: https://ffm.to/streetsisyoursreup

Subscribe for more official content from Belly Gang Kushington :
https://www.youtube.com/@UCxw78-TUwaA2xqQkmjVHGLw 

Follow BellyGang Kushington:
https://www.instagram.com/bellygangkushington/
https://twitter.com/bellygangkush
https://www.tiktok.com/@bellygangkush

#BellyGangKushington #RentDue #TheStreetsIsYours",Belly Gang Kushington - Rent Due (Official Music Video) Belly Gang Kushington - Rent Due (Official Music Video) Listen/Download: Subscribe for more official content from Belly Gang Kushington : Follow BellyGang Kushington: #BellyGangKushington #RentDue #TheStreetsIsYours,55,215,271,33,belly gang kushington rent due official music video belly gang kushington rent due official music video listen download subscribe for more official content from belly gang kushington follow bellygang kushington bellygangkushington rentdue thestreetsisyours
4kPt2x3_bIw,US,10,2026-01-24T21:35:41Z,58270,3728,207,Montana 700 - On The Road [Official Video],"The official video for Montana 700's ""On Road""

Follow Montana 700:
https://www.instagram.com/montana.700

#Montana700 #OnRoad #OfficialVideo",Montana700 Montana 700 montana700 montana 700 montana 700 dallas texas dallas rapper mr pipeline montana.700 the last don THE LAST DON montana700 new music montana 700 new music hip hop rap montana 700 the greatest of all traps new dallas Montana 700 - Chains On [Official Video] montana 700 chains on chains on montana 700 chains on chains on,"Montana 700 - On The Road [Official Video] The official video for Montana 700's ""On Road""

Follow Montana 700:
https://www.instagram.com/montana.700

#Montana700 #OnRoad #OfficialVideo","Montana 700 - On The Road [Official Video] The official video for Montana 700's ""On Road"" Follow Montana 700: #Montana700 #OnRoad #OfficialVideo",42,101,144,21,montana 700 on the road official video the official video for montana 700's on road follow montana 700 montana700 onroad officialvideo
Xs31-zaz5dc,US,10,2026-01-24T01:00:06Z,715725,9811,355,Neton Vega - Pvta Luna (Video Oficial),"Provided to YouTube by JosaRecords

Pvta Luna ¬∑ Neton Vega

‚Ñó 2026 JosaRecords

Released on: 2025-09-26
Live Video: 2026-01-23

Producer: Luis Ernesto Vega Carvajal 
Producer: Jesus Josafat Chavez Angulo
Producer: L Prince 
Producer: Edgar Barrera
Lyricist: Luis Ernesto Vega Carvajal
Lyricist: Edgar Barrera

#NetonVega #JosaRecords ¬∑ PvtaLuna

Spotify
https://open.spotify.com/intl-es/album/0Cw2JMk1YfzkuXk7B1yBYa

Instagram
https://www.instagram.com/net0n__
https://www.facebook.com/NetonVegaOficiall",Corridos gallos y caballos hollywood el 3 yo vengo de la nada on d gas el mayor de los ranas gervonta con todo respetillo primo amiri santal 33 el gabacho ya fui negro ya fui blanco mr internacional Canciones loco 7 dias te queria ver rosones pika pika nadie me jalo dos dias amapola mi vida mi muerte tu boda 5-7 bandida ese vato no te queda el lokeron escapate morena canela la patrulla todo a su tiempo linda pvta luna canasteo turistico neton vega,"Neton Vega - Pvta Luna (Video Oficial) Provided to YouTube by JosaRecords

Pvta Luna ¬∑ Neton Vega

‚Ñó 2026 JosaRecords

Released on: 2025-09-26
Live Video: 2026-01-23

Producer: Luis Ernesto Vega Carvajal 
Producer: Jesus Josafat Chavez Angulo
Producer: L Prince 
Producer: Edgar Barrera
Lyricist: Luis Ernesto Vega Carvajal
Lyricist: Edgar Barrera

#NetonVega #JosaRecords ¬∑ PvtaLuna

Spotify
https://open.spotify.com/intl-es/album/0Cw2JMk1YfzkuXk7B1yBYa

Instagram
https://www.instagram.com/net0n__
https://www.facebook.com/NetonVegaOficiall",Neton Vega - Pvta Luna (Video Oficial) Provided to YouTube by JosaRecords Pvta Luna ¬∑ Neton Vega ‚Ñó 2026 JosaRecords Released on: 2025-09-26 Live Video: 2026-01-23 Producer: Luis Ernesto Vega Carvajal Producer: Jesus Josafat Chavez Angulo Producer: L Prince Producer: Edgar Barrera Lyricist: Luis Ernesto Vega Carvajal Lyricist: Edgar Barrera #NetonVega #JosaRecords ¬∑ PvtaLuna Spotify Instagram,38,355,394,56,neton vega pvta luna video oficial provided to youtube by josarecords pvta luna neton vega 2026 josarecords released on 2025 09 26 live video 2026 01 23 producer luis ernesto vega carvajal producer jesus josafat chavez angulo producer l prince producer edgar barrera lyricist luis ernesto vega carvajal lyricist edgar barrera netonvega josarecords pvtaluna spotify instagram
ryboH5N0lC8,US,10,2026-01-23T10:30:39Z,260439,1253,47,Ice Spice - Big Guy (Lyrics) | The SpongeBob Movie: Search for SquarePants,"Ice Spice - Big Guy (Lyrics)
(from ""The Spongebob Movie: Search For Squarepants"" soundtrack)

Lets Support & Follow Ice Spice:
Instagram: https://www.instagram.com/icespice
Twitter: https://twitter.com/icespicee_
Tiktok: https://www.tiktok.com/@icespicee
Youtube: https://www.youtube.com/channel/UCJTqwQj5iTHYrko04PbGI9w

#BigGuy #IceSpice #SpongeBob #SBSP #Lyrics #Tiktokhymn

Lyrics:
Ice Spice 
""Big Guy""
(from ""The Spongebob Movie: Search For Squarepants"" soundtrack)

Grrah
Stop playing with 'em, Riot

Big guy, big guy, big, big guy, big guy
SpongeBob, big guy pants, okay (Grrah)
SpongeBob, big guy pants, okay (Grrah)
Big guy, big guy, big, big guy, big guy, grrah
SpongeBob, big guy pants, okay (Grrah)
SpongeBob, big guy pants, okay

Off the wake up, I'm feelin' my best (Like)
I bend over, I do my lil' stretch (Like)
Ain't a jellyfish, but I'm the catch
Feel like that fish, so I'm pumpin' my chest
I blow bubbles so big like Mrs. Puff
I be locked in, like no, this isn't luck
Eatin' fancy, like no, this isn't chump
With my bestie, like everything fun

Big guy, big guy, big, big guy, big guy
SpongeBob, big guy pants, okay (Grrah)
SpongeBob, big guy pants, okay (Grrah)
Big guy, big guy, big, big guy, big guy
SpongeBob, big guy pants, okay
SpongeBob, big guy pants, okay

Big things 'bout to happen today
I woke up feelin' a brand new way
Facin' the world in a brand new way
SpongeBob, big guy pants, okay
Tight fit, square hips
Doin' a dance in my big guy pants
The baddest, the top of the list, I am
And all my pearls, they came fresh out a clam

Big guy, big guy, big, big guy, big guy
SpongeBob, big guy pants, okay (Grrah)
SpongeBob, big guy pants, okay (Grrah)
Big guy, big guy, big, big guy, big guy
SpongeBob, big guy pants, okay
SpongeBob, big guy pants, okay

Off the wake up, I'm feelin' my best
Big things 'bout to happen today
I bend over, I do my lil' stretch
I woke up feelin' a brand new way
Ain't a jellyfish, but I'm the catch
Facin' the world in a brand new way
Feel like that fish, so I'm pumpin' my chest
SpongeBob, big guy pants, okay

Big guy, big guy, big, big guy, big guy
SpongeBob, big guy pants, okay (Grrah)
SpongeBob, big guy pants, okay (Grrah)
Big guy, big guy, big, big guy, big guy
SpongeBob, big guy pants, okay
SpongeBob, big guy pants, okay

üì∑ Image/Wallpaper Source: Unsplash.com

üôèüíüShow some love to TikTokHymn by hitting the SUBSCRIBE button and click the bell üîî to be notified of new upload

üìëTags:
Big guy Ice Spice, big guy, Ice Spice Big Guy,
Big guy Sponge bob square pants,
Big guy Ice Spice lyrics, big guy lyrics, Ice Spice Big Guy lyrics,
Big guy Sponge bob square pants soundtrack lyrics,
Big guy Ice Spice SpongeBob square pants soundtrack, big guy SpongeBob square pants soundtrack, Ice Spice Big Guy SpongeBob square pants soundtrack,",Big guy Ice Spice big guy Ice Spice Big Guy Big guy Sponge bob square pants Big guy Ice Spice lyrics big guy lyrics Ice Spice Big Guy lyrics Big guy Sponge bob square pants soundtrack lyrics Big guy Ice Spice SpongeBob square pants soundtrack big guy SpongeBob square pants soundtrack Ice Spice Big Guy SpongeBob square pants soundtrack,"Ice Spice - Big Guy (Lyrics) | The SpongeBob Movie: Search for SquarePants Ice Spice - Big Guy (Lyrics)
(from ""The Spongebob Movie: Search For Squarepants"" soundtrack)

Lets Support & Follow Ice Spice:
Instagram: https://www.instagram.com/icespice
Twitter: https://twitter.com/icespicee_
Tiktok: https://www.tiktok.com/@icespicee
Youtube: https://www.youtube.com/channel/UCJTqwQj5iTHYrko04PbGI9w

#BigGuy #IceSpice #SpongeBob #SBSP #Lyrics #Tiktokhymn

Lyrics:
Ice Spice 
""Big Guy""
(from ""The Spongebob Movie: Search For Squarepants"" soundtrack)

Grrah
Stop playing with 'em, Riot

Big guy, big guy, big, big guy, big guy
SpongeBob, big guy pants, okay (Grrah)
SpongeBob, big guy pants, okay (Grrah)
Big guy, big guy, big, big guy, big guy, grrah
SpongeBob, big guy pants, okay (Grrah)
SpongeBob, big guy pants, okay

Off the wake up, I'm feelin' my best (Like)
I bend over, I do my lil' stretch (Like)
Ain't a jellyfish, but I'm the catch
Feel like that fish, so I'm pumpin' my chest
I blow bubbles so big like Mrs. Puff
I be locked in, like no, this isn't luck
Eatin' fancy, like no, this isn't chump
With my bestie, like everything fun

Big guy, big guy, big, big guy, big guy
SpongeBob, big guy pants, okay (Grrah)
SpongeBob, big guy pants, okay (Grrah)
Big guy, big guy, big, big guy, big guy
SpongeBob, big guy pants, okay
SpongeBob, big guy pants, okay

Big things 'bout to happen today
I woke up feelin' a brand new way
Facin' the world in a brand new way
SpongeBob, big guy pants, okay
Tight fit, square hips
Doin' a dance in my big guy pants
The baddest, the top of the list, I am
And all my pearls, they came fresh out a clam

Big guy, big guy, big, big guy, big guy
SpongeBob, big guy pants, okay (Grrah)
SpongeBob, big guy pants, okay (Grrah)
Big guy, big guy, big, big guy, big guy
SpongeBob, big guy pants, okay
SpongeBob, big guy pants, okay

Off the wake up, I'm feelin' my best
Big things 'bout to happen today
I bend over, I do my lil' stretch
I woke up feelin' a brand new way
Ain't a jellyfish, but I'm the catch
Facin' the world in a brand new way
Feel like that fish, so I'm pumpin' my chest
SpongeBob, big guy pants, okay

Big guy, big guy, big, big guy, big guy
SpongeBob, big guy pants, okay (Grrah)
SpongeBob, big guy pants, okay (Grrah)
Big guy, big guy, big, big guy, big guy
SpongeBob, big guy pants, okay
SpongeBob, big guy pants, okay

üì∑ Image/Wallpaper Source: Unsplash.com

üôèüíüShow some love to TikTokHymn by hitting the SUBSCRIBE button and click the bell üîî to be notified of new upload

üìëTags:
Big guy Ice Spice, big guy, Ice Spice Big Guy,
Big guy Sponge bob square pants,
Big guy Ice Spice lyrics, big guy lyrics, Ice Spice Big Guy lyrics,
Big guy Sponge bob square pants soundtrack lyrics,
Big guy Ice Spice SpongeBob square pants soundtrack, big guy SpongeBob square pants soundtrack, Ice Spice Big Guy SpongeBob square pants soundtrack,","Ice Spice - Big Guy (Lyrics) | The SpongeBob Movie: Search for SquarePants Ice Spice - Big Guy (Lyrics) (from ""The Spongebob Movie: Search For Squarepants"" soundtrack) Lets Support & Follow Ice Spice: Instagram: Twitter: Tiktok: Youtube: #BigGuy #IceSpice #SpongeBob #SBSP #Lyrics #Tiktokhymn Lyrics: Ice Spice ""Big Guy"" (from ""The Spongebob Movie: Search For Squarepants"" soundtrack) Grrah Stop playing with 'em, Riot Big guy, big guy, big, big guy, big guy SpongeBob, big guy pants, okay (Grrah) SpongeBob, big guy pants, okay (Grrah) Big guy, big guy, big, big guy, big guy, grrah SpongeBob, big guy pants, okay (Grrah) SpongeBob, big guy pants, okay Off the wake up, I'm feelin' my best (Like) I bend over, I do my lil' stretch (Like) Ain't a jellyfish, but I'm the catch Feel like that fish, so I'm pumpin' my chest I blow bubbles so big like Mrs. Puff I be locked in, like no, this isn't luck Eatin' fancy, like no, this isn't chump With my bestie, like everything fun Big guy, big guy, big, big guy, big guy SpongeBob, big guy pants, okay (Grrah) SpongeBob, big guy pants, okay (Grrah) Big guy, big guy, big, big guy, big guy SpongeBob, big guy pants, okay SpongeBob, big guy pants, okay Big things 'bout to happen today I woke up feelin' a brand new way Facin' the world in a brand new way SpongeBob, big guy pants, okay Tight fit, square hips Doin' a dance in my big guy pants The baddest, the top of the list, I am And all my pearls, they came fresh out a clam Big guy, big guy, big, big guy, big guy SpongeBob, big guy pants, okay (Grrah) SpongeBob, big guy pants, okay (Grrah) Big guy, big guy, big, big guy, big guy SpongeBob, big guy pants, okay SpongeBob, big guy pants, okay Off the wake up, I'm feelin' my best Big things 'bout to happen today I bend over, I do my lil' stretch I woke up feelin' a brand new way Ain't a jellyfish, but I'm the catch Facin' the world in a brand new way Feel like that fish, so I'm pumpin' my chest SpongeBob, big guy pants, okay Big guy, big guy, big, big guy, big guy SpongeBob, big guy pants, okay (Grrah) SpongeBob, big guy pants, okay (Grrah) Big guy, big guy, big, big guy, big guy SpongeBob, big guy pants, okay SpongeBob, big guy pants, okay üì∑ Image/Wallpaper Source: Unsplash.com üôèüíüShow some love to TikTokHymn by hitting the SUBSCRIBE button and click the bell üîî to be notified of new upload üìëTags: Big guy Ice Spice, big guy, Ice Spice Big Guy, Big guy Sponge bob square pants, Big guy Ice Spice lyrics, big guy lyrics, Ice Spice Big Guy lyrics, Big guy Sponge bob square pants soundtrack lyrics, Big guy Ice Spice SpongeBob square pants soundtrack, big guy SpongeBob square pants soundtrack, Ice Spice Big Guy SpongeBob square pants soundtrack,",74,2629,2704,486,ice spice big guy lyrics the spongebob movie search for squarepants ice spice big guy lyrics from the spongebob movie search for squarepants soundtrack lets support follow ice spice instagram twitter tiktok youtube bigguy icespice spongebob sbsp lyrics tiktokhymn lyrics ice spice big guy from the spongebob movie search for squarepants soundtrack grrah stop playing with 'em riot big guy big guy big big guy big guy spongebob big guy pants okay grrah spongebob big guy pants okay grrah big guy big guy big big guy big guy grrah spongebob big guy pants okay grrah spongebob big guy pants okay off the wake up i'm feelin' my best like i bend over i do my lil' stretch like ain't a jellyfish but i'm the catch feel like that fish so i'm pumpin' my chest i blow bubbles so big like mrs puff i be locked in like no this isn't luck eatin' fancy like no this isn't chump with my bestie like everything fun big guy big guy big big guy big guy spongebob big guy pants okay grrah spongebob big guy pants okay grrah big guy big guy big big guy big guy spongebob big guy pants okay spongebob big guy pants okay big things 'bout to happen today i woke up feelin' a brand new way facin' the world in a brand new way spongebob big guy pants okay tight fit square hips doin' a dance in my big guy pants the baddest the top of the list i am and all my pearls they came fresh out a clam big guy big guy big big guy big guy spongebob big guy pants okay grrah spongebob big guy pants okay grrah big guy big guy big big guy big guy spongebob big guy pants okay spongebob big guy pants okay off the wake up i'm feelin' my best big things 'bout to happen today i bend over i do my lil' stretch i woke up feelin' a brand new way ain't a jellyfish but i'm the catch facin' the world in a brand new way feel like that fish so i'm pumpin' my chest spongebob big guy pants okay big guy big guy big big guy big guy spongebob big guy pants okay grrah spongebob big guy pants okay grrah big guy big guy big big guy big guy spongebob big guy pants okay spongebob big guy pants okay image wallpaper source unsplash com show some love to tiktokhymn by hitting the subscribe button and click the bell to be notified of new upload tags big guy ice spice big guy ice spice big guy big guy sponge bob square pants big guy ice spice lyrics big guy lyrics ice spice big guy lyrics big guy sponge bob square pants soundtrack lyrics big guy ice spice spongebob square pants soundtrack big guy spongebob square pants soundtrack ice spice big guy spongebob square pants soundtrack
M1QCCery0n8,US,10,2026-01-18T10:00:35Z,141379,1418,4,Stand by Me,"Provided to YouTube by Warner Music Group - X5 Music Group

Stand by Me ¬∑ Ben E. King

Swinging Sixties Hits

‚Ñó 2026 Warner Music Group - X5 Music Group

Released on: 2026-01-19

Guitar: Al Caiola
Vocals: Ben E. King
Guitar: Charles McCracken
Piano: Ernie Hayes
Drums: Gary Chester
Producer: Jerry Leiber
Bass Guitar: Lloyd Trotman
Producer: Mike Stoller
Percussion: Phil Kraus
Band Member: Romeo penque
Composer Lyricist, Writer: Ben E. King
Composer Lyricist, Writer: Jerry Leiber
Composer Lyricist, Writer: Mike Stoller

Auto-generated by YouTube.",Ben E. King Swinging Sixties Hits Stand by Me,"Stand by Me Provided to YouTube by Warner Music Group - X5 Music Group

Stand by Me ¬∑ Ben E. King

Swinging Sixties Hits

‚Ñó 2026 Warner Music Group - X5 Music Group

Released on: 2026-01-19

Guitar: Al Caiola
Vocals: Ben E. King
Guitar: Charles McCracken
Piano: Ernie Hayes
Drums: Gary Chester
Producer: Jerry Leiber
Bass Guitar: Lloyd Trotman
Producer: Mike Stoller
Percussion: Phil Kraus
Band Member: Romeo penque
Composer Lyricist, Writer: Ben E. King
Composer Lyricist, Writer: Jerry Leiber
Composer Lyricist, Writer: Mike Stoller

Auto-generated by YouTube.","Stand by Me Provided to YouTube by Warner Music Group - X5 Music Group Stand by Me ¬∑ Ben E. King Swinging Sixties Hits ‚Ñó 2026 Warner Music Group - X5 Music Group Released on: 2026-01-19 Guitar: Al Caiola Vocals: Ben E. King Guitar: Charles McCracken Piano: Ernie Hayes Drums: Gary Chester Producer: Jerry Leiber Bass Guitar: Lloyd Trotman Producer: Mike Stoller Percussion: Phil Kraus Band Member: Romeo penque Composer Lyricist, Writer: Ben E. King Composer Lyricist, Writer: Jerry Leiber Composer Lyricist, Writer: Mike Stoller Auto-generated by YouTube.",11,544,556,87,stand by me provided to youtube by warner music group x5 music group stand by me ben e king swinging sixties hits 2026 warner music group x5 music group released on 2026 01 19 guitar al caiola vocals ben e king guitar charles mccracken piano ernie hayes drums gary chester producer jerry leiber bass guitar lloyd trotman producer mike stoller percussion phil kraus band member romeo penque composer lyricist writer ben e king composer lyricist writer jerry leiber composer lyricist writer mike stoller auto generated by youtube
iUFlb4YYYKo,US,10,2026-01-23T20:08:55Z,554126,51605,1391,Don Toliver - ATM [Official Video],"Don Toliver - ATM official music video out NOW!

OCTANE ‚ò¢Ô∏è 1/30/26

Pre-order 'OCTANE': https://dontoliver.com/

Director ‚Äì Maxime Quoilin 

Creative Director ‚Äì Raf Porter
Executive Producer ‚Äì Ryan Heiferman
Executive Producer ‚Äì Sverre Gundhus
Producer ‚Äì Jami Arceo

Director of Photography ‚Äì Chuk Owens

Production Company - GOOD COMPANY
Executive Producer ‚Äì Ryan Heiferman
Executive Producer ‚Äì Sverre GundhusProducer ‚Äì Jami Arceo
Music Video Rep ‚Äì Cheyenne Shannon

Production Designer ‚Äì Tyler Evans
Production Manager ‚Äì Eva Simpao
Production Coordinator ‚Äì Ryan Cassels-Conway

1st Assistant Director ‚Äì Todd Lent

Management ‚Äì Erin Duran
Management ‚Äì Randall ‚ÄúSickamore‚Äù Medford
Artist Assistant ‚Äì Jonathan January
Stylist ‚Äì Bailey Quinones
Hair Stylist ‚Äì Yazmin Adams
Groomer ‚Äì Courtney Housner
DT Videographer ‚Äì Jack Dalton
Photographer ‚Äì Omar Joseph Jr
Security ‚Äì Tajh Shuff
Car Handler ‚Äì Derek Zitterich

Atlantic / President, Creative ‚Äì Dave Rocco
Atlantic / Creative ‚Äì Alex Figueroa

Atlantic / Product Manager + Marketing ‚Äì Carla Pagano
Atlantic / Digital ‚Äì Cole Rechan
Atlantic / Commissioner ‚Äì Andrew Reid

1st AC ‚Äì Mike Panczenko
2nd AC (Day 1) ‚Äì Mike Prior
2nd AC (Day 2) ‚Äì Josh Benavidez
Steadicam Operator ‚Äì Bill Hunt

DIT ‚Äì Henry Miller
VTR ‚Äì Ignacio Martinez
Playback ‚Äì Robert Buckholz

Camera Car Driver ‚Äì Randy Reitenbach
Crane Operator ‚Äì Bobby Peretti
Head Tech ‚Äì Pete Tommasi

Drone Tech ‚Äî Drone Dudes

Gaffer ‚Äì Kevin Kim
Best Boy Electric ‚Äì Rodolfo Martinez
Electric ‚Äì Justin Roxbrough
Electric / Driver ‚Äì Noah Shettel
Electric ‚Äì Vahagan Gukasyan
Electric ‚Äì Colvin Ang
Electric ‚Äì Bailey Clark

Key Grip ‚Äì Marlow Nunez
Best Boy Grip ‚Äì Matt Toledo
Grip ‚Äì Dennis Pires
Grip / Driver ‚Äì Tigran Aghasaryan

Art Director ‚Äì Angus Bernsen
Art Director ‚Äì Brendan Sheley
Art Coordinator ‚Äì Ciara Flynn
Leadman ‚Äì Theo Cohn
SFX ‚Äì Ben Graham

Set Dresser ‚Äì Raymond Schmidt
Set Dresser ‚Äì Kyle Leeser
Set Dresser ‚Äì Justin Dega
Set Dresser ‚Äì Will Cragoe

2nd Assistant Director ‚Äì Timothy Munoz

Location Manager ‚Äì Zippy Melissa Downing
Casting Director ‚Äì Chandler Kennedy

Stunt Coordinator ‚Äì Ajay Hateley
Stunt Driver ‚Äì Craig Hunter

SFX Makeup Artist ‚Äì Alan Gonzalez Jr.
SFX Makeup Assistant ‚Äì Anaid Cruz Gutierrez
Make-Up Artist ‚Äì Stacy Gonzalez

Stylist ‚Äì Dennis Kim
Stylist Assistant ‚Äì Kori Tamondong
Stylist Assistant ‚Äì Miriam Ruvalcaba

Set Medic ‚Äì Morris Brown
Craft Service ‚Äì Luis Barrigan Chiva
Craft Service Assistant ‚Äì Daira Lopez

Office PA ‚Äì Jack Dixon
Set PA ‚Äì Phil Batiste
Set PA ‚Äì Sydney Gates
Set PA ‚Äì Eder Parada
Set PA ‚Äì Carlos Santana
Set PA ‚Äì Jhovanny Esparza
Pass Van PA ‚Äì Quincy Cowherd
Pass Van PA ‚Äì Diego Lopez
Truck PA ‚Äì Tyler Bice
Truck PA ‚Äì Jahaziel Castaneda-Arias

AD PA ‚Äì John Napa
AD PA ‚Äì Matthew Kuhn

Mad Scientist ‚Äì Josh Harp
Human Robot ‚Äì Carmel Rogers
Background ‚Äì John Peters
Background ‚Äì Bobby York


Subscribe to Don‚Äôs YouTube channel: https://dontoliver.lnk.to/YTSubscribe

Follow Don Toliver:
https://www.instagram.com/dontoliver
https://www.tiktok.com/@dontolivermusic
https://twitter.com/dontoliver
https://soundcloud.com/dontoliver
https://www.facebook.com/DonToliver/

#DonToliver #OfficialMusicVideo",don toliver ok I pull up after party no idea Don Toliver donda cardigan no idea slowed cactus jack had enough what to do Don Toliver new don toliver love sick don toliver type beat don toliver no idea don toliver unreleased don toliver lovesick don toliver lemonade don toliver deep in the water attitude don toliver cash cobain don toliver hardstone psycho hardstone psycho Don Toliver - ATM [Official Video] ATM Don Toliver ATM ATM Don Toliver,"Don Toliver - ATM [Official Video] Don Toliver - ATM official music video out NOW!

OCTANE ‚ò¢Ô∏è 1/30/26

Pre-order 'OCTANE': https://dontoliver.com/

Director ‚Äì Maxime Quoilin 

Creative Director ‚Äì Raf Porter
Executive Producer ‚Äì Ryan Heiferman
Executive Producer ‚Äì Sverre Gundhus
Producer ‚Äì Jami Arceo

Director of Photography ‚Äì Chuk Owens

Production Company - GOOD COMPANY
Executive Producer ‚Äì Ryan Heiferman
Executive Producer ‚Äì Sverre GundhusProducer ‚Äì Jami Arceo
Music Video Rep ‚Äì Cheyenne Shannon

Production Designer ‚Äì Tyler Evans
Production Manager ‚Äì Eva Simpao
Production Coordinator ‚Äì Ryan Cassels-Conway

1st Assistant Director ‚Äì Todd Lent

Management ‚Äì Erin Duran
Management ‚Äì Randall ‚ÄúSickamore‚Äù Medford
Artist Assistant ‚Äì Jonathan January
Stylist ‚Äì Bailey Quinones
Hair Stylist ‚Äì Yazmin Adams
Groomer ‚Äì Courtney Housner
DT Videographer ‚Äì Jack Dalton
Photographer ‚Äì Omar Joseph Jr
Security ‚Äì Tajh Shuff
Car Handler ‚Äì Derek Zitterich

Atlantic / President, Creative ‚Äì Dave Rocco
Atlantic / Creative ‚Äì Alex Figueroa

Atlantic / Product Manager + Marketing ‚Äì Carla Pagano
Atlantic / Digital ‚Äì Cole Rechan
Atlantic / Commissioner ‚Äì Andrew Reid

1st AC ‚Äì Mike Panczenko
2nd AC (Day 1) ‚Äì Mike Prior
2nd AC (Day 2) ‚Äì Josh Benavidez
Steadicam Operator ‚Äì Bill Hunt

DIT ‚Äì Henry Miller
VTR ‚Äì Ignacio Martinez
Playback ‚Äì Robert Buckholz

Camera Car Driver ‚Äì Randy Reitenbach
Crane Operator ‚Äì Bobby Peretti
Head Tech ‚Äì Pete Tommasi

Drone Tech ‚Äî Drone Dudes

Gaffer ‚Äì Kevin Kim
Best Boy Electric ‚Äì Rodolfo Martinez
Electric ‚Äì Justin Roxbrough
Electric / Driver ‚Äì Noah Shettel
Electric ‚Äì Vahagan Gukasyan
Electric ‚Äì Colvin Ang
Electric ‚Äì Bailey Clark

Key Grip ‚Äì Marlow Nunez
Best Boy Grip ‚Äì Matt Toledo
Grip ‚Äì Dennis Pires
Grip / Driver ‚Äì Tigran Aghasaryan

Art Director ‚Äì Angus Bernsen
Art Director ‚Äì Brendan Sheley
Art Coordinator ‚Äì Ciara Flynn
Leadman ‚Äì Theo Cohn
SFX ‚Äì Ben Graham

Set Dresser ‚Äì Raymond Schmidt
Set Dresser ‚Äì Kyle Leeser
Set Dresser ‚Äì Justin Dega
Set Dresser ‚Äì Will Cragoe

2nd Assistant Director ‚Äì Timothy Munoz

Location Manager ‚Äì Zippy Melissa Downing
Casting Director ‚Äì Chandler Kennedy

Stunt Coordinator ‚Äì Ajay Hateley
Stunt Driver ‚Äì Craig Hunter

SFX Makeup Artist ‚Äì Alan Gonzalez Jr.
SFX Makeup Assistant ‚Äì Anaid Cruz Gutierrez
Make-Up Artist ‚Äì Stacy Gonzalez

Stylist ‚Äì Dennis Kim
Stylist Assistant ‚Äì Kori Tamondong
Stylist Assistant ‚Äì Miriam Ruvalcaba

Set Medic ‚Äì Morris Brown
Craft Service ‚Äì Luis Barrigan Chiva
Craft Service Assistant ‚Äì Daira Lopez

Office PA ‚Äì Jack Dixon
Set PA ‚Äì Phil Batiste
Set PA ‚Äì Sydney Gates
Set PA ‚Äì Eder Parada
Set PA ‚Äì Carlos Santana
Set PA ‚Äì Jhovanny Esparza
Pass Van PA ‚Äì Quincy Cowherd
Pass Van PA ‚Äì Diego Lopez
Truck PA ‚Äì Tyler Bice
Truck PA ‚Äì Jahaziel Castaneda-Arias

AD PA ‚Äì John Napa
AD PA ‚Äì Matthew Kuhn

Mad Scientist ‚Äì Josh Harp
Human Robot ‚Äì Carmel Rogers
Background ‚Äì John Peters
Background ‚Äì Bobby York


Subscribe to Don‚Äôs YouTube channel: https://dontoliver.lnk.to/YTSubscribe

Follow Don Toliver:
https://www.instagram.com/dontoliver
https://www.tiktok.com/@dontolivermusic
https://twitter.com/dontoliver
https://soundcloud.com/dontoliver
https://www.facebook.com/DonToliver/

#DonToliver #OfficialMusicVideo","Don Toliver - ATM [Official Video] Don Toliver - ATM official music video out NOW! OCTANE ‚ò¢Ô∏è 1/30/26 Pre-order 'OCTANE': Director ‚Äì Maxime Quoilin Creative Director ‚Äì Raf Porter Executive Producer ‚Äì Ryan Heiferman Executive Producer ‚Äì Sverre Gundhus Producer ‚Äì Jami Arceo Director of Photography ‚Äì Chuk Owens Production Company - GOOD COMPANY Executive Producer ‚Äì Ryan Heiferman Executive Producer ‚Äì Sverre GundhusProducer ‚Äì Jami Arceo Music Video Rep ‚Äì Cheyenne Shannon Production Designer ‚Äì Tyler Evans Production Manager ‚Äì Eva Simpao Production Coordinator ‚Äì Ryan Cassels-Conway 1st Assistant Director ‚Äì Todd Lent Management ‚Äì Erin Duran Management ‚Äì Randall ‚ÄúSickamore‚Äù Medford Artist Assistant ‚Äì Jonathan January Stylist ‚Äì Bailey Quinones Hair Stylist ‚Äì Yazmin Adams Groomer ‚Äì Courtney Housner DT Videographer ‚Äì Jack Dalton Photographer ‚Äì Omar Joseph Jr Security ‚Äì Tajh Shuff Car Handler ‚Äì Derek Zitterich Atlantic / President, Creative ‚Äì Dave Rocco Atlantic / Creative ‚Äì Alex Figueroa Atlantic / Product Manager + Marketing ‚Äì Carla Pagano Atlantic / Digital ‚Äì Cole Rechan Atlantic / Commissioner ‚Äì Andrew Reid 1st AC ‚Äì Mike Panczenko 2nd AC (Day 1) ‚Äì Mike Prior 2nd AC (Day 2) ‚Äì Josh Benavidez Steadicam Operator ‚Äì Bill Hunt DIT ‚Äì Henry Miller VTR ‚Äì Ignacio Martinez Playback ‚Äì Robert Buckholz Camera Car Driver ‚Äì Randy Reitenbach Crane Operator ‚Äì Bobby Peretti Head Tech ‚Äì Pete Tommasi Drone Tech ‚Äî Drone Dudes Gaffer ‚Äì Kevin Kim Best Boy Electric ‚Äì Rodolfo Martinez Electric ‚Äì Justin Roxbrough Electric / Driver ‚Äì Noah Shettel Electric ‚Äì Vahagan Gukasyan Electric ‚Äì Colvin Ang Electric ‚Äì Bailey Clark Key Grip ‚Äì Marlow Nunez Best Boy Grip ‚Äì Matt Toledo Grip ‚Äì Dennis Pires Grip / Driver ‚Äì Tigran Aghasaryan Art Director ‚Äì Angus Bernsen Art Director ‚Äì Brendan Sheley Art Coordinator ‚Äì Ciara Flynn Leadman ‚Äì Theo Cohn SFX ‚Äì Ben Graham Set Dresser ‚Äì Raymond Schmidt Set Dresser ‚Äì Kyle Leeser Set Dresser ‚Äì Justin Dega Set Dresser ‚Äì Will Cragoe 2nd Assistant Director ‚Äì Timothy Munoz Location Manager ‚Äì Zippy Melissa Downing Casting Director ‚Äì Chandler Kennedy Stunt Coordinator ‚Äì Ajay Hateley Stunt Driver ‚Äì Craig Hunter SFX Makeup Artist ‚Äì Alan Gonzalez Jr. SFX Makeup Assistant ‚Äì Anaid Cruz Gutierrez Make-Up Artist ‚Äì Stacy Gonzalez Stylist ‚Äì Dennis Kim Stylist Assistant ‚Äì Kori Tamondong Stylist Assistant ‚Äì Miriam Ruvalcaba Set Medic ‚Äì Morris Brown Craft Service ‚Äì Luis Barrigan Chiva Craft Service Assistant ‚Äì Daira Lopez Office PA ‚Äì Jack Dixon Set PA ‚Äì Phil Batiste Set PA ‚Äì Sydney Gates Set PA ‚Äì Eder Parada Set PA ‚Äì Carlos Santana Set PA ‚Äì Jhovanny Esparza Pass Van PA ‚Äì Quincy Cowherd Pass Van PA ‚Äì Diego Lopez Truck PA ‚Äì Tyler Bice Truck PA ‚Äì Jahaziel Castaneda-Arias AD PA ‚Äì John Napa AD PA ‚Äì Matthew Kuhn Mad Scientist ‚Äì Josh Harp Human Robot ‚Äì Carmel Rogers Background ‚Äì John Peters Background ‚Äì Bobby York Subscribe to Don‚Äôs YouTube channel: Follow Don Toliver: #DonToliver #OfficialMusicVideo",34,2877,2912,399,don toliver atm official video don toliver atm official music video out now octane 1 30 26 pre order 'octane' director maxime quoilin creative director raf porter executive producer ryan heiferman executive producer sverre gundhus producer jami arceo director of photography chuk owens production company good company executive producer ryan heiferman executive producer sverre gundhusproducer jami arceo music video rep cheyenne shannon production designer tyler evans production manager eva simpao production coordinator ryan cassels conway 1st assistant director todd lent management erin duran management randall sickamore medford artist assistant jonathan january stylist bailey quinones hair stylist yazmin adams groomer courtney housner dt videographer jack dalton photographer omar joseph jr security tajh shuff car handler derek zitterich atlantic president creative dave rocco atlantic creative alex figueroa atlantic product manager marketing carla pagano atlantic digital cole rechan atlantic commissioner andrew reid 1st ac mike panczenko 2nd ac day 1 mike prior 2nd ac day 2 josh benavidez steadicam operator bill hunt dit henry miller vtr ignacio martinez playback robert buckholz camera car driver randy reitenbach crane operator bobby peretti head tech pete tommasi drone tech drone dudes gaffer kevin kim best boy electric rodolfo martinez electric justin roxbrough electric driver noah shettel electric vahagan gukasyan electric colvin ang electric bailey clark key grip marlow nunez best boy grip matt toledo grip dennis pires grip driver tigran aghasaryan art director angus bernsen art director brendan sheley art coordinator ciara flynn leadman theo cohn sfx ben graham set dresser raymond schmidt set dresser kyle leeser set dresser justin dega set dresser will cragoe 2nd assistant director timothy munoz location manager zippy melissa downing casting director chandler kennedy stunt coordinator ajay hateley stunt driver craig hunter sfx makeup artist alan gonzalez jr sfx makeup assistant anaid cruz gutierrez make up artist stacy gonzalez stylist dennis kim stylist assistant kori tamondong stylist assistant miriam ruvalcaba set medic morris brown craft service luis barrigan chiva craft service assistant daira lopez office pa jack dixon set pa phil batiste set pa sydney gates set pa eder parada set pa carlos santana set pa jhovanny esparza pass van pa quincy cowherd pass van pa diego lopez truck pa tyler bice truck pa jahaziel castaneda arias ad pa john napa ad pa matthew kuhn mad scientist josh harp human robot carmel rogers background john peters background bobby york subscribe to don s youtube channel follow don toliver dontoliver officialmusicvideo
BXM6vxMGM-M,US,10,2026-01-23T20:04:09Z,880190,29354,1525,A$AP Rocky - FLACKITO JODYE (Official Video) ft. Tokischa,"LISTEN TO 'DON'T BE DUMB' HERE: https://asaprocky.lnk.to/DontBeDumb

FOLLOW A$AP ROCKY:
FACEBOOK: https://AsapRocky.lnk.to/followFI
INSTAGRAM: https://AsapRocky.lnk.to/followII
TIKTOK: https://www.tiktok.com/@asaprocky
TWITTER: https://AsapRocky.lnk.to/followTI
WEBSITE: https://awge.com & asaprocky.com

#ASAPROCKY #DONTBEDUMB #FLACKITOJODYE",A$AP Rocky feat. Tokischa FLACKITO JODYE dont be dumb don't be dumb asap rocky helicopter punk rocky rap A$AP Rocky,"A$AP Rocky - FLACKITO JODYE (Official Video) ft. Tokischa LISTEN TO 'DON'T BE DUMB' HERE: https://asaprocky.lnk.to/DontBeDumb

FOLLOW A$AP ROCKY:
FACEBOOK: https://AsapRocky.lnk.to/followFI
INSTAGRAM: https://AsapRocky.lnk.to/followII
TIKTOK: https://www.tiktok.com/@asaprocky
TWITTER: https://AsapRocky.lnk.to/followTI
WEBSITE: https://awge.com & asaprocky.com

#ASAPROCKY #DONTBEDUMB #FLACKITOJODYE",A$AP Rocky - FLACKITO JODYE (Official Video) ft. Tokischa LISTEN TO 'DON'T BE DUMB' HERE: FOLLOW A$AP ROCKY: FACEBOOK: INSTAGRAM: TIKTOK: TWITTER: WEBSITE: & asaprocky.com #ASAPROCKY #DONTBEDUMB #FLACKITOJODYE,57,151,209,29,a ap rocky flackito jodye official video ft tokischa listen to 'don't be dumb' here follow a ap rocky facebook instagram tiktok twitter website asaprocky com asaprocky dontbedumb flackitojodye
cUfDOS2SINM,US,10,2026-01-23T10:00:07Z,2051092,184613,8158,XG - HYPNOTIZE (Official Music Video),"XG
1st Full Album 
THE CORE - Ê†∏
2026.01.23 Fri

Tracklist:
01. XIGNAL (The Intro)
02. GALA
03. ROCK THE BOAT
04. TAKE MY BREATH
05. NO GOOD
06. HYPNOTIZE
07. UP NOW
08. O.R.B (Obviously Reads Bro)
09. 4 SEASONS
10. PS118

https://xgalx.com/xg/xg-1stfullalbum/ 

Streaming/Download 
üéßhttps://xg.lnk.to/THECORE_DIGITAL

‚Äî-------------

Follow XG:
Instagram: https://instagram.com/xgofficial
YouTube: https://www.youtube.com/@xg_official
TikTok: https://www.tiktok.com/@xg.official
X: https://x.com/XGOfficial_
Facebook: https://www.facebook.com/XGOfficial
XG OFFICIAL FANCLUB """"ALPHAZ‚Äù: http://bit.ly/3ykLo4V

#XG #HYPNOTIZE
#XG_HYPNOTIZE
#XG_THECORE_Ê†∏
#XGALX",XG XGALX GRL GVNG SHOOTING STAR LEFT RIGHT MASCARA Tippy Toes JURIN JURIA MAYA COCONA CHISA HARVEY HINATA ALPHAZ X-GENE TGIF NEW DANCE PUPPET SHOW WINTER WITHOUT YOU WOKE UP SOMETHING AIN'T RIGHT IYKYK AWE IS THIS LOVE IN THE RAIN MILLION PLACES GALA,"XG - HYPNOTIZE (Official Music Video) XG
1st Full Album 
THE CORE - Ê†∏
2026.01.23 Fri

Tracklist:
01. XIGNAL (The Intro)
02. GALA
03. ROCK THE BOAT
04. TAKE MY BREATH
05. NO GOOD
06. HYPNOTIZE
07. UP NOW
08. O.R.B (Obviously Reads Bro)
09. 4 SEASONS
10. PS118

https://xgalx.com/xg/xg-1stfullalbum/ 

Streaming/Download 
üéßhttps://xg.lnk.to/THECORE_DIGITAL

‚Äî-------------

Follow XG:
Instagram: https://instagram.com/xgofficial
YouTube: https://www.youtube.com/@xg_official
TikTok: https://www.tiktok.com/@xg.official
X: https://x.com/XGOfficial_
Facebook: https://www.facebook.com/XGOfficial
XG OFFICIAL FANCLUB """"ALPHAZ‚Äù: http://bit.ly/3ykLo4V

#XG #HYPNOTIZE
#XG_HYPNOTIZE
#XG_THECORE_Ê†∏
#XGALX","XG - HYPNOTIZE (Official Music Video) XG 1st Full Album THE CORE - Ê†∏ 2026.01.23 Fri Tracklist: 01. XIGNAL (The Intro) 02. GALA 03. ROCK THE BOAT 04. TAKE MY BREATH 05. NO GOOD 06. HYPNOTIZE 07. UP NOW 08. O.R.B (Obviously Reads Bro) 09. 4 SEASONS 10. PS118 Streaming/Download üéß ‚Äî------------- Follow XG: Instagram: YouTube: TikTok: X: Facebook: XG OFFICIAL FANCLUB """"ALPHAZ‚Äù: #XG #HYPNOTIZE #XG_HYPNOTIZE #XG_THECORE_Ê†∏ #XGALX",37,387,425,70,xg hypnotize official music video xg 1st full album the core 2026 01 23 fri tracklist 01 xignal the intro 02 gala 03 rock the boat 04 take my breath 05 no good 06 hypnotize 07 up now 08 o r b obviously reads bro 09 4 seasons 10 ps118 streaming download follow xg instagram youtube tiktok x facebook xg official fanclub alphaz xg hypnotize xg hypnotize xg thecore xgalx
LGXOcc7d_RA,US,10,2026-01-24T13:41:26Z,50462,862,45,Lil Uzi Vert - What You Saying (Lyrics),"üéµ Best TikTok Viral Music: https://youtube.com/playlist?list=PLBbWAaEu3aidb5XY-CVhuOVK-53HyNPlV

üòà Viral Phonk Music:
https://open.spotify.com/playlist/1nWMLiZltxgqoOVjxGvfhn

Check out my Spotify playlist: https://spoti.fi/2Jba0lx

‚è¨ Download / Stream: 
https://liluzivert.lnk.to/WhatYouSaying

‚ö°Ô∏è Lil Uzi Vert:
http://liluziofficial.com
https://twitter.com/LILUZIVERT
https://www.instagram.com/liluzivert
https://www.facebook.com/LilUziVert

‚ö°Ô∏è Creative Chaos:
https://soundcloud.com/creativchaos
https://open.spotify.com/user/creativchaos
https://www.tiktok.com/@creative.chaos_
https://www.facebook.com/creatvchaos
https://x.com/crevtivechaos
https://www.instagram.com/creativ.chaos

Lyrics:

[Intro]
(MC, make another hit)

[Chorus: Lil Uzi Vert]
I don't even know what she said 'cause she foreign (Let's go)
Yeah, she foreign
And she got endurance
Like the way she 'forms
And she gon' perform it
Look the same in morning (Woah)
She don't stop, keep going (Keep going)
I don't even know what she said, but this what I hear in my head

[Refrain: Lil Uzi Vert & Indila]
Il, il n'est pas fou (Huh?), il l'aime c'est tout (What?)
Il la voit partout (Wait), il l'attend debout (What she say?)
Debout une rose √† la main (Yes), non, non plus rien ne le retient (Oh, and she start breathin' like)
Dans sa love story (Woah)
Dans sa love story (Let's go)
Dans sa love story
Sa love story (Then she switch the pace up)

[Verse: Lil Uzi Vert]
Okay, I really do get you
What I make in a day, what they make in a life
Is it 'cause that I'm paid, you tryna stay the night?
You keep rubbing all on my face, make me feel I'm your type
I guess that we on the same page 'cause I'm just tryna strike (Okay, I really do get you, woah)
What I make in a day, what they make in a life
Is it 'cause that I'm paid, you tryna stay the night?
You keep rubbing all on my face, make me feel I'm your type
I guess that we on the same page 'cause I'm just tryna strike (Woah)

[Refrain: Lil Uzi Vert & Indila]
Il, il n'est pas fou (Huh?), il l'aime c'est tout (Keep goin')
Il la voit partout (Woah), il l'attend debout (What she say?)
Debout une rose √† la main (Go), non, non plus rien ne le retient (Ah, ah, ah)
Dans sa love story
Dans sa love story
Dans sa love story
Sa love story

[Chorus: Lil Uzi Vert]
I don't even know what she said 'cause she foreign (Let's go)
Yeah, she foreign
And she got endurance
Like the way she 'forms
And she gon' perform it
Look the same in morning (Woah)
She don't stop, keep going (Keep going)
I don't even know what she said but this what I hear in my head

üì∑ Photo:
https://unsplash.com

üö´ If you want to use this music in your video you will need permission from the artist or label.

#LilUziVert #WhatYouSaying #CreativeChaos #Pop #PopMusic #Music #Vocals #Lyrics #LyricVideo #TopHits #Hits",lil uzi vert what you saying lil uzi vert what you saying lyrics what you saying lil uzi vert what you saying lil uzi vert lyrics what you saying lyrics lil uzi vert lil uzi vert what you saying what you saying lyrics lil uzi vert lyrics what you saying lil uzi vert - what you saying lil uzi vert - what you saying lyrics what you saying - lil uzi vert what you saying - lil uzi vert lyrics lil uzi vert lyrics lyrics what you saying creative chaos,"Lil Uzi Vert - What You Saying (Lyrics) üéµ Best TikTok Viral Music: https://youtube.com/playlist?list=PLBbWAaEu3aidb5XY-CVhuOVK-53HyNPlV

üòà Viral Phonk Music:
https://open.spotify.com/playlist/1nWMLiZltxgqoOVjxGvfhn

Check out my Spotify playlist: https://spoti.fi/2Jba0lx

‚è¨ Download / Stream: 
https://liluzivert.lnk.to/WhatYouSaying

‚ö°Ô∏è Lil Uzi Vert:
http://liluziofficial.com
https://twitter.com/LILUZIVERT
https://www.instagram.com/liluzivert
https://www.facebook.com/LilUziVert

‚ö°Ô∏è Creative Chaos:
https://soundcloud.com/creativchaos
https://open.spotify.com/user/creativchaos
https://www.tiktok.com/@creative.chaos_
https://www.facebook.com/creatvchaos
https://x.com/crevtivechaos
https://www.instagram.com/creativ.chaos

Lyrics:

[Intro]
(MC, make another hit)

[Chorus: Lil Uzi Vert]
I don't even know what she said 'cause she foreign (Let's go)
Yeah, she foreign
And she got endurance
Like the way she 'forms
And she gon' perform it
Look the same in morning (Woah)
She don't stop, keep going (Keep going)
I don't even know what she said, but this what I hear in my head

[Refrain: Lil Uzi Vert & Indila]
Il, il n'est pas fou (Huh?), il l'aime c'est tout (What?)
Il la voit partout (Wait), il l'attend debout (What she say?)
Debout une rose √† la main (Yes), non, non plus rien ne le retient (Oh, and she start breathin' like)
Dans sa love story (Woah)
Dans sa love story (Let's go)
Dans sa love story
Sa love story (Then she switch the pace up)

[Verse: Lil Uzi Vert]
Okay, I really do get you
What I make in a day, what they make in a life
Is it 'cause that I'm paid, you tryna stay the night?
You keep rubbing all on my face, make me feel I'm your type
I guess that we on the same page 'cause I'm just tryna strike (Okay, I really do get you, woah)
What I make in a day, what they make in a life
Is it 'cause that I'm paid, you tryna stay the night?
You keep rubbing all on my face, make me feel I'm your type
I guess that we on the same page 'cause I'm just tryna strike (Woah)

[Refrain: Lil Uzi Vert & Indila]
Il, il n'est pas fou (Huh?), il l'aime c'est tout (Keep goin')
Il la voit partout (Woah), il l'attend debout (What she say?)
Debout une rose √† la main (Go), non, non plus rien ne le retient (Ah, ah, ah)
Dans sa love story
Dans sa love story
Dans sa love story
Sa love story

[Chorus: Lil Uzi Vert]
I don't even know what she said 'cause she foreign (Let's go)
Yeah, she foreign
And she got endurance
Like the way she 'forms
And she gon' perform it
Look the same in morning (Woah)
She don't stop, keep going (Keep going)
I don't even know what she said but this what I hear in my head

üì∑ Photo:
https://unsplash.com

üö´ If you want to use this music in your video you will need permission from the artist or label.

#LilUziVert #WhatYouSaying #CreativeChaos #Pop #PopMusic #Music #Vocals #Lyrics #LyricVideo #TopHits #Hits","Lil Uzi Vert - What You Saying (Lyrics) üéµ Best TikTok Viral Music: üòà Viral Phonk Music: Check out my Spotify playlist: ‚è¨ Download / Stream: ‚ö°Ô∏è Lil Uzi Vert: ‚ö°Ô∏è Creative Chaos: Lyrics: [Intro] (MC, make another hit) [Chorus: Lil Uzi Vert] I don't even know what she said 'cause she foreign (Let's go) Yeah, she foreign And she got endurance Like the way she 'forms And she gon' perform it Look the same in morning (Woah) She don't stop, keep going (Keep going) I don't even know what she said, but this what I hear in my head [Refrain: Lil Uzi Vert & Indila] Il, il n'est pas fou (Huh?), il l'aime c'est tout (What?) Il la voit partout (Wait), il l'attend debout (What she say?) Debout une rose √† la main (Yes), non, non plus rien ne le retient (Oh, and she start breathin' like) Dans sa love story (Woah) Dans sa love story (Let's go) Dans sa love story Sa love story (Then she switch the pace up) [Verse: Lil Uzi Vert] Okay, I really do get you What I make in a day, what they make in a life Is it 'cause that I'm paid, you tryna stay the night? You keep rubbing all on my face, make me feel I'm your type I guess that we on the same page 'cause I'm just tryna strike (Okay, I really do get you, woah) What I make in a day, what they make in a life Is it 'cause that I'm paid, you tryna stay the night? You keep rubbing all on my face, make me feel I'm your type I guess that we on the same page 'cause I'm just tryna strike (Woah) [Refrain: Lil Uzi Vert & Indila] Il, il n'est pas fou (Huh?), il l'aime c'est tout (Keep goin') Il la voit partout (Woah), il l'attend debout (What she say?) Debout une rose √† la main (Go), non, non plus rien ne le retient (Ah, ah, ah) Dans sa love story Dans sa love story Dans sa love story Sa love story [Chorus: Lil Uzi Vert] I don't even know what she said 'cause she foreign (Let's go) Yeah, she foreign And she got endurance Like the way she 'forms And she gon' perform it Look the same in morning (Woah) She don't stop, keep going (Keep going) I don't even know what she said but this what I hear in my head üì∑ Photo: üö´ If you want to use this music in your video you will need permission from the artist or label. #LilUziVert #WhatYouSaying #CreativeChaos #Pop #PopMusic #Music #Vocals #Lyrics #LyricVideo #TopHits #Hits",39,2221,2261,430,lil uzi vert what you saying lyrics best tiktok viral music viral phonk music check out my spotify playlist download stream lil uzi vert creative chaos lyrics intro mc make another hit chorus lil uzi vert i don't even know what she said 'cause she foreign let's go yeah she foreign and she got endurance like the way she 'forms and she gon' perform it look the same in morning woah she don't stop keep going keep going i don't even know what she said but this what i hear in my head refrain lil uzi vert indila il il n'est pas fou huh il l'aime c'est tout what il la voit partout wait il l'attend debout what she say debout une rose la main yes non non plus rien ne le retient oh and she start breathin' like dans sa love story woah dans sa love story let's go dans sa love story sa love story then she switch the pace up verse lil uzi vert okay i really do get you what i make in a day what they make in a life is it 'cause that i'm paid you tryna stay the night you keep rubbing all on my face make me feel i'm your type i guess that we on the same page 'cause i'm just tryna strike okay i really do get you woah what i make in a day what they make in a life is it 'cause that i'm paid you tryna stay the night you keep rubbing all on my face make me feel i'm your type i guess that we on the same page 'cause i'm just tryna strike woah refrain lil uzi vert indila il il n'est pas fou huh il l'aime c'est tout keep goin' il la voit partout woah il l'attend debout what she say debout une rose la main go non non plus rien ne le retient ah ah ah dans sa love story dans sa love story dans sa love story sa love story chorus lil uzi vert i don't even know what she said 'cause she foreign let's go yeah she foreign and she got endurance like the way she 'forms and she gon' perform it look the same in morning woah she don't stop keep going keep going i don't even know what she said but this what i hear in my head photo if you want to use this music in your video you will need permission from the artist or label liluzivert whatyousaying creativechaos pop popmusic music vocals lyrics lyricvideo tophits hits
EG8zY9fspuY,US,10,2026-01-22T10:00:30Z,248002,12384,1035,Confirmo,"Provided to YouTube by The Orchard Enterprises

Confirmo ¬∑ Los Parras ¬∑ Abraham Lopez ¬∑ Yamder B. David ¬∑ Oscar Coby

Confirmo

‚Ñó 2026 La R Records, LLC

Released on: 2026-01-23

Producer: Gilberto ""El Pollo"" Zavala
Producer: Cassandra Hernandez
Producer: Ernesto Morales
Producer: Carla Soto
Producer: Cristian Caamano ""Robin""
Music Publisher: La R Publishing

Auto-generated by YouTube.",Los Parras Abraham Lopez Yamder B. David Oscar Coby Confirmo,"Confirmo Provided to YouTube by The Orchard Enterprises

Confirmo ¬∑ Los Parras ¬∑ Abraham Lopez ¬∑ Yamder B. David ¬∑ Oscar Coby

Confirmo

‚Ñó 2026 La R Records, LLC

Released on: 2026-01-23

Producer: Gilberto ""El Pollo"" Zavala
Producer: Cassandra Hernandez
Producer: Ernesto Morales
Producer: Carla Soto
Producer: Cristian Caamano ""Robin""
Music Publisher: La R Publishing

Auto-generated by YouTube.","Confirmo Provided to YouTube by The Orchard Enterprises Confirmo ¬∑ Los Parras ¬∑ Abraham Lopez ¬∑ Yamder B. David ¬∑ Oscar Coby Confirmo ‚Ñó 2026 La R Records, LLC Released on: 2026-01-23 Producer: Gilberto ""El Pollo"" Zavala Producer: Cassandra Hernandez Producer: Ernesto Morales Producer: Carla Soto Producer: Cristian Caamano ""Robin"" Music Publisher: La R Publishing Auto-generated by YouTube.",8,382,391,56,confirmo provided to youtube by the orchard enterprises confirmo los parras abraham lopez yamder b david oscar coby confirmo 2026 la r records llc released on 2026 01 23 producer gilberto el pollo zavala producer cassandra hernandez producer ernesto morales producer carla soto producer cristian caamano robin music publisher la r publishing auto generated by youtube
2WPHzoaBK4s,US,10,2026-01-22T10:00:03Z,47009,1405,28,BOO,"Provided to YouTube by Hitmaker

BOO ¬∑ H3adband

BOO

‚Ñó WatchDatBaby/Hitmaker Distro

Released on: 2026-01-23

Producer: Jordan Randall
Vocals: H3adband
Composer: Jordan Randall
Lyricist: Jordan Randall

Auto-generated by YouTube.",H3adband BOO,"BOO Provided to YouTube by Hitmaker

BOO ¬∑ H3adband

BOO

‚Ñó WatchDatBaby/Hitmaker Distro

Released on: 2026-01-23

Producer: Jordan Randall
Vocals: H3adband
Composer: Jordan Randall
Lyricist: Jordan Randall

Auto-generated by YouTube.",BOO Provided to YouTube by Hitmaker BOO ¬∑ H3adband BOO ‚Ñó WatchDatBaby/Hitmaker Distro Released on: 2026-01-23 Producer: Jordan Randall Vocals: H3adband Composer: Jordan Randall Lyricist: Jordan Randall Auto-generated by YouTube.,3,224,228,32,boo provided to youtube by hitmaker boo h3adband boo watchdatbaby hitmaker distro released on 2026 01 23 producer jordan randall vocals h3adband composer jordan randall lyricist jordan randall auto generated by youtube
pBZxDWMeuUc,US,10,2026-01-23T05:00:51Z,208779,13468,961,DABABY - POP DAT THING (Official Audio),"Stream 'Pop Dat Thing"" Here: https://dababy.lnk.to/POPDATTTHANG

Follow Dababy:
https://www.instagram.com/dababy/
https://www.tiktok.com/@dababy
https://x.com/DaBabyDaBaby

#Dababy #PopDatThing",DaBaby Baby Jesus Charlotte Hip Hop Rap dababy rockstar da baby hip hop rockstar dababy throat baby bop phat dababy dababy rockstar bop dababy lil baby toes dababy dababy freestyle baby lil baby dababy bop phat dababy phat,"DABABY - POP DAT THING (Official Audio) Stream 'Pop Dat Thing"" Here: https://dababy.lnk.to/POPDATTTHANG

Follow Dababy:
https://www.instagram.com/dababy/
https://www.tiktok.com/@dababy
https://x.com/DaBabyDaBaby

#Dababy #PopDatThing","DABABY - POP DAT THING (Official Audio) Stream 'Pop Dat Thing"" Here: Follow Dababy: #Dababy #PopDatThing",39,64,104,15,dababy pop dat thing official audio stream 'pop dat thing here follow dababy dababy popdatthing
TBV8_0BqIw8,US,10,2026-01-22T10:00:46Z,892002,60275,9675,Ride The Lightning (Bonus Track),"Provided to YouTube by The Orchard Enterprises

Ride The Lightning (Bonus Track) ¬∑ Megadeth ¬∑ Dave Mustaine

Megadeth

‚Ñó 2026 Megadeth Inc. Under exclusive license to BlkIIBlk d/b/a Frontiers Records d/b/a BlkIIBlk Records.

Released on: 2026-01-23

Producer: Dave Mustaine
Producer: Chris Rakestraw
Music Publisher: Mustaine Music (BMI)

Auto-generated by YouTube.",Megadeth Dave Mustaine Ride The Lightning (Bonus Track),"Ride The Lightning (Bonus Track) Provided to YouTube by The Orchard Enterprises

Ride The Lightning (Bonus Track) ¬∑ Megadeth ¬∑ Dave Mustaine

Megadeth

‚Ñó 2026 Megadeth Inc. Under exclusive license to BlkIIBlk d/b/a Frontiers Records d/b/a BlkIIBlk Records.

Released on: 2026-01-23

Producer: Dave Mustaine
Producer: Chris Rakestraw
Music Publisher: Mustaine Music (BMI)

Auto-generated by YouTube.",Ride The Lightning (Bonus Track) Provided to YouTube by The Orchard Enterprises Ride The Lightning (Bonus Track) ¬∑ Megadeth ¬∑ Dave Mustaine Megadeth ‚Ñó 2026 Megadeth Inc. Under exclusive license to BlkIIBlk d/b/a Frontiers Records d/b/a BlkIIBlk Records. Released on: 2026-01-23 Producer: Dave Mustaine Producer: Chris Rakestraw Music Publisher: Mustaine Music (BMI) Auto-generated by YouTube.,32,359,392,59,ride the lightning bonus track provided to youtube by the orchard enterprises ride the lightning bonus track megadeth dave mustaine megadeth 2026 megadeth inc under exclusive license to blkiiblk d b a frontiers records d b a blkiiblk records released on 2026 01 23 producer dave mustaine producer chris rakestraw music publisher mustaine music bmi auto generated by youtube
qDyUb2JjRHc,US,10,2026-01-23T05:48:27Z,222620,10593,388,42 Dugg & EST Gee - No Fakin (Official Video),"Stream 'Part 3' Here: https://42dugg.lnk.to/Part3

Follow 42 Dugg:
https://www.instagram.com/42_dugggg/
https://x.com/42_Dugg

#42dugg #NoFakin #Part3",42dugg 42 dugg 42 dugg est gee we not done 42 dugg 42 dugg we not done dog food 42 dugg it is what it is chicken p maybach 42 dugg it is what it is 42 dugg lil baby,"42 Dugg & EST Gee - No Fakin (Official Video) Stream 'Part 3' Here: https://42dugg.lnk.to/Part3

Follow 42 Dugg:
https://www.instagram.com/42_dugggg/
https://x.com/42_Dugg

#42dugg #NoFakin #Part3",42 Dugg & EST Gee - No Fakin (Official Video) Stream 'Part 3' Here: Follow 42 Dugg: #42dugg #NoFakin #Part3,45,61,107,18,42 dugg est gee no fakin official video stream 'part 3' here follow 42 dugg 42dugg nofakin part3
2exVDhY6xqI,US,10,2026-01-25T01:00:06Z,15035,1881,648,Mickey Factz - #StoreRunner (TRU FOE DISS),"Directed by Mr Good Evening

Mickey Factz ends the trilogy with a scathing diss entitled #STORERUNNER 
The story goes Aye Noun paid Tru Foe to diss Mickey Factz and Mickey proceeded to write 3 songs in under 20 hours from 2 am to 7 pm. Mind you he slept from 7 am to 11 am. So its really 16 hours. Anyway, Factz being the mc he is channeled his anger into one of the most catchiest and creative diss records to date. Long Live Lyricism.",,"Mickey Factz - #StoreRunner (TRU FOE DISS) Directed by Mr Good Evening

Mickey Factz ends the trilogy with a scathing diss entitled #STORERUNNER 
The story goes Aye Noun paid Tru Foe to diss Mickey Factz and Mickey proceeded to write 3 songs in under 20 hours from 2 am to 7 pm. Mind you he slept from 7 am to 11 am. So its really 16 hours. Anyway, Factz being the mc he is channeled his anger into one of the most catchiest and creative diss records to date. Long Live Lyricism.","Mickey Factz - #StoreRunner (TRU FOE DISS) Directed by Mr Good Evening Mickey Factz ends the trilogy with a scathing diss entitled #STORERUNNER The story goes Aye Noun paid Tru Foe to diss Mickey Factz and Mickey proceeded to write 3 songs in under 20 hours from 2 am to 7 pm. Mind you he slept from 7 am to 11 am. So its really 16 hours. Anyway, Factz being the mc he is channeled his anger into one of the most catchiest and creative diss records to date. Long Live Lyricism.",42,434,477,91,mickey factz storerunner tru foe diss directed by mr good evening mickey factz ends the trilogy with a scathing diss entitled storerunner the story goes aye noun paid tru foe to diss mickey factz and mickey proceeded to write 3 songs in under 20 hours from 2 am to 7 pm mind you he slept from 7 am to 11 am so its really 16 hours anyway factz being the mc he is channeled his anger into one of the most catchiest and creative diss records to date long live lyricism
_R9DPHFqkZc,US,10,2026-01-24T19:48:40Z,92014,14722,1435,"""Emo Girl"" Yuno Miles x Fantano (Official Video)","#yunomiles #fantano #youtube #youtuber #viral #trend #blow #rock #emo #emomusic #tiktok #memes 
#mrbeast #kaicenat #sabrinacarpenter #madisonbeer #kyliejenner 




Join this channel to get access to perks:
https://www.youtube.com/channel/UCRv0M7dDL0Y21_9rU4tgNDw/join",Yunomiles fantano emo rock youtube youtuber blow kaicenat mrbeast,"""Emo Girl"" Yuno Miles x Fantano (Official Video) #yunomiles #fantano #youtube #youtuber #viral #trend #blow #rock #emo #emomusic #tiktok #memes 
#mrbeast #kaicenat #sabrinacarpenter #madisonbeer #kyliejenner 




Join this channel to get access to perks:
https://www.youtube.com/channel/UCRv0M7dDL0Y21_9rU4tgNDw/join","""Emo Girl"" Yuno Miles x Fantano (Official Video) #yunomiles #fantano #youtube #youtuber #viral #trend #blow #rock #emo #emomusic #tiktok #memes #mrbeast #kaicenat #sabrinacarpenter #madisonbeer #kyliejenner Join this channel to get access to perks:",48,199,248,33,emo girl yuno miles x fantano official video yunomiles fantano youtube youtuber viral trend blow rock emo emomusic tiktok memes mrbeast kaicenat sabrinacarpenter madisonbeer kyliejenner join this channel to get access to perks
fdKEN2ipsBU,US,10,2026-01-12T17:42:02Z,51631,2154,0,Ros Kantri,"Provided to YouTube by Zojak World Wide, LLC

Ros Kantri ¬∑ Mavn LKLD ¬∑ Evin Rush ¬∑ Flunky

Ros Kantri

‚Ñó Mavn LKLD & Lopez Records

Released on: 2026-01-13

Producer: Mavn LKLD
Producer: Jeremiah Nangore
Producer: Wavetrax Inc
Producer: Hauskuk Musik
Producer: Stingray Records
Composer: Mavn LKLD
Composer: Evin Rush

Auto-generated by YouTube.",Mavn LKLD Evin Rush Flunky Ros Kantri,"Ros Kantri Provided to YouTube by Zojak World Wide, LLC

Ros Kantri ¬∑ Mavn LKLD ¬∑ Evin Rush ¬∑ Flunky

Ros Kantri

‚Ñó Mavn LKLD & Lopez Records

Released on: 2026-01-13

Producer: Mavn LKLD
Producer: Jeremiah Nangore
Producer: Wavetrax Inc
Producer: Hauskuk Musik
Producer: Stingray Records
Composer: Mavn LKLD
Composer: Evin Rush

Auto-generated by YouTube.","Ros Kantri Provided to YouTube by Zojak World Wide, LLC Ros Kantri ¬∑ Mavn LKLD ¬∑ Evin Rush ¬∑ Flunky Ros Kantri ‚Ñó Mavn LKLD & Lopez Records Released on: 2026-01-13 Producer: Mavn LKLD Producer: Jeremiah Nangore Producer: Wavetrax Inc Producer: Hauskuk Musik Producer: Stingray Records Composer: Mavn LKLD Composer: Evin Rush Auto-generated by YouTube.",10,339,350,53,ros kantri provided to youtube by zojak world wide llc ros kantri mavn lkld evin rush flunky ros kantri mavn lkld lopez records released on 2026 01 13 producer mavn lkld producer jeremiah nangore producer wavetrax inc producer hauskuk musik producer stingray records composer mavn lkld composer evin rush auto generated by youtube
XBnZa6t3mRU,US,10,2026-01-23T20:00:25Z,57936,4376,196,"Trap Dickey, Key Glock - Down South","Music video by Trap Dickey, Key Glock performing Down South.¬© 2026 11 Music Group, LLC, under exclusive license to UMG Recordings, Inc.",Trap Dickey Key Glock Trap Dickey/Uptown/Def Jam Hip Hop,"Trap Dickey, Key Glock - Down South Music video by Trap Dickey, Key Glock performing Down South.¬© 2026 11 Music Group, LLC, under exclusive license to UMG Recordings, Inc.","Trap Dickey, Key Glock - Down South Music video by Trap Dickey, Key Glock performing Down South.¬© 2026 11 Music Group, LLC, under exclusive license to UMG Recordings, Inc.",35,135,171,28,trap dickey key glock down south music video by trap dickey key glock performing down south 2026 11 music group llc under exclusive license to umg recordings inc
edZVnKxKEUU,US,10,2026-01-23T05:00:45Z,406000,25849,1931,SO BE IT | Elevation Worship (feat. Tiffany Hudson & Chris Brown),"The official live video for ""SO BE IT"" by Elevation Worship featuring Tiffany Hudson & Chris Brown.

Connect with Elevation Worship: 
Website | https://www.elevationworship.com 
https://elevationworship.link/SBTPAPSYT
https://www.facebook.com/elevationworship/ 
https://www.instagram.com/elevationworship/ 
https://www.tiktok.com/@elevation.worship
https://twitter.com/elevation_wrshp

Lyrics:
When the King speaks a word
It cannot be overturned
It‚Äôs as good as done

And when heaven touches earth 
It can never be reversed
It‚Äôs the Kingdom come

So get the liars out the way
They don‚Äôt have the final say
There is only One

Sovereign and Supreme
Every word He speaks 
Is holy

The Lamb of God has overcome
My testimony is His blood
And if He said that it is done
It is done
So be it God
 
To the One on the throne
Who cannot be overthrown
Sing Hallelujah

To the Last and the First
Ruler of the universe
Sing Hallelujah

To the Alpha, Omega
The Master, the Maker
The Name above

Every other name
Give Him all the praise
He‚Äôs holy
 
The Lamb of God has overcome
My testimony is His blood
And if He said that it is done
It is done
So be it God

The weapons of the enemy 
They have no power over me
The One with all authority covers me
So be it God
So be it God
So be it God

From a throne to a cross 
Who would pay such a price 
For the sin of the world 
Here‚Äôs your King crucified 

See the nails in His hands
See the wounds in His side
See the crown meant to mock
That instead prophesied 

That it was not the end
Wipe the tears from your eyes
Don‚Äôt forget that He said
On the third He would rise

He‚Äôs alive
He‚Äôs alive
He‚Äôs alive
He‚Äôs alive

He‚Äôs alive
He‚Äôs alive
He‚Äôs alive
He‚Äôs alive
 
The Lamb of God has overcome
My testimony is His blood
And if He said that it is done
It is done
So be it God

The weapons of the enemy 
They have no power over me
The One with all authority covers me
So be it God
So be it God

It is final
It is written
It is settled
It is finished

See that old grave
He was in it
Now He isn‚Äôt
He is risen

It is final
It is written
It is settled
It is finished

See that old grave
He was in it
Now He isn‚Äôt
He is risen

Hallelujah
Hallelujah
Hallelujah
Hallelujah

Hallelujah
Hallelujah
Hallelujah
Hallelujah

Like a thief in the night 
He‚Äôll return for His bride
Even so, Jesus come
Jesus come split the skies
So be it God

Written By: Steven Furtick, Davide Mutendji, Mitch Wong, Tiffany Hudson
¬©Music by Elevation Worship Publishing // Original Wong Publishing / Bell Music Publishing
CCLI: 7269606

#elevationworship #SOBEIT #Worshipmusic",,"SO BE IT | Elevation Worship (feat. Tiffany Hudson & Chris Brown) The official live video for ""SO BE IT"" by Elevation Worship featuring Tiffany Hudson & Chris Brown.

Connect with Elevation Worship: 
Website | https://www.elevationworship.com 
https://elevationworship.link/SBTPAPSYT
https://www.facebook.com/elevationworship/ 
https://www.instagram.com/elevationworship/ 
https://www.tiktok.com/@elevation.worship
https://twitter.com/elevation_wrshp

Lyrics:
When the King speaks a word
It cannot be overturned
It‚Äôs as good as done

And when heaven touches earth 
It can never be reversed
It‚Äôs the Kingdom come

So get the liars out the way
They don‚Äôt have the final say
There is only One

Sovereign and Supreme
Every word He speaks 
Is holy

The Lamb of God has overcome
My testimony is His blood
And if He said that it is done
It is done
So be it God
 
To the One on the throne
Who cannot be overthrown
Sing Hallelujah

To the Last and the First
Ruler of the universe
Sing Hallelujah

To the Alpha, Omega
The Master, the Maker
The Name above

Every other name
Give Him all the praise
He‚Äôs holy
 
The Lamb of God has overcome
My testimony is His blood
And if He said that it is done
It is done
So be it God

The weapons of the enemy 
They have no power over me
The One with all authority covers me
So be it God
So be it God
So be it God

From a throne to a cross 
Who would pay such a price 
For the sin of the world 
Here‚Äôs your King crucified 

See the nails in His hands
See the wounds in His side
See the crown meant to mock
That instead prophesied 

That it was not the end
Wipe the tears from your eyes
Don‚Äôt forget that He said
On the third He would rise

He‚Äôs alive
He‚Äôs alive
He‚Äôs alive
He‚Äôs alive

He‚Äôs alive
He‚Äôs alive
He‚Äôs alive
He‚Äôs alive
 
The Lamb of God has overcome
My testimony is His blood
And if He said that it is done
It is done
So be it God

The weapons of the enemy 
They have no power over me
The One with all authority covers me
So be it God
So be it God

It is final
It is written
It is settled
It is finished

See that old grave
He was in it
Now He isn‚Äôt
He is risen

It is final
It is written
It is settled
It is finished

See that old grave
He was in it
Now He isn‚Äôt
He is risen

Hallelujah
Hallelujah
Hallelujah
Hallelujah

Hallelujah
Hallelujah
Hallelujah
Hallelujah

Like a thief in the night 
He‚Äôll return for His bride
Even so, Jesus come
Jesus come split the skies
So be it God

Written By: Steven Furtick, Davide Mutendji, Mitch Wong, Tiffany Hudson
¬©Music by Elevation Worship Publishing // Original Wong Publishing / Bell Music Publishing
CCLI: 7269606

#elevationworship #SOBEIT #Worshipmusic","SO BE IT | Elevation Worship (feat. Tiffany Hudson & Chris Brown) The official live video for ""SO BE IT"" by Elevation Worship featuring Tiffany Hudson & Chris Brown. Connect with Elevation Worship: Website | Lyrics: When the King speaks a word It cannot be overturned It‚Äôs as good as done And when heaven touches earth It can never be reversed It‚Äôs the Kingdom come So get the liars out the way They don‚Äôt have the final say There is only One Sovereign and Supreme Every word He speaks Is holy The Lamb of God has overcome My testimony is His blood And if He said that it is done It is done So be it God To the One on the throne Who cannot be overthrown Sing Hallelujah To the Last and the First Ruler of the universe Sing Hallelujah To the Alpha, Omega The Master, the Maker The Name above Every other name Give Him all the praise He‚Äôs holy The Lamb of God has overcome My testimony is His blood And if He said that it is done It is done So be it God The weapons of the enemy They have no power over me The One with all authority covers me So be it God So be it God So be it God From a throne to a cross Who would pay such a price For the sin of the world Here‚Äôs your King crucified See the nails in His hands See the wounds in His side See the crown meant to mock That instead prophesied That it was not the end Wipe the tears from your eyes Don‚Äôt forget that He said On the third He would rise He‚Äôs alive He‚Äôs alive He‚Äôs alive He‚Äôs alive He‚Äôs alive He‚Äôs alive He‚Äôs alive He‚Äôs alive The Lamb of God has overcome My testimony is His blood And if He said that it is done It is done So be it God The weapons of the enemy They have no power over me The One with all authority covers me So be it God So be it God It is final It is written It is settled It is finished See that old grave He was in it Now He isn‚Äôt He is risen It is final It is written It is settled It is finished See that old grave He was in it Now He isn‚Äôt He is risen Hallelujah Hallelujah Hallelujah Hallelujah Hallelujah Hallelujah Hallelujah Hallelujah Like a thief in the night He‚Äôll return for His bride Even so, Jesus come Jesus come split the skies So be it God Written By: Steven Furtick, Davide Mutendji, Mitch Wong, Tiffany Hudson ¬©Music by Elevation Worship Publishing // Original Wong Publishing / Bell Music Publishing CCLI: 7269606 #elevationworship #SOBEIT #Worshipmusic",65,2285,2351,475,so be it elevation worship feat tiffany hudson chris brown the official live video for so be it by elevation worship featuring tiffany hudson chris brown connect with elevation worship website lyrics when the king speaks a word it cannot be overturned it s as good as done and when heaven touches earth it can never be reversed it s the kingdom come so get the liars out the way they don t have the final say there is only one sovereign and supreme every word he speaks is holy the lamb of god has overcome my testimony is his blood and if he said that it is done it is done so be it god to the one on the throne who cannot be overthrown sing hallelujah to the last and the first ruler of the universe sing hallelujah to the alpha omega the master the maker the name above every other name give him all the praise he s holy the lamb of god has overcome my testimony is his blood and if he said that it is done it is done so be it god the weapons of the enemy they have no power over me the one with all authority covers me so be it god so be it god so be it god from a throne to a cross who would pay such a price for the sin of the world here s your king crucified see the nails in his hands see the wounds in his side see the crown meant to mock that instead prophesied that it was not the end wipe the tears from your eyes don t forget that he said on the third he would rise he s alive he s alive he s alive he s alive he s alive he s alive he s alive he s alive the lamb of god has overcome my testimony is his blood and if he said that it is done it is done so be it god the weapons of the enemy they have no power over me the one with all authority covers me so be it god so be it god it is final it is written it is settled it is finished see that old grave he was in it now he isn t he is risen it is final it is written it is settled it is finished see that old grave he was in it now he isn t he is risen hallelujah hallelujah hallelujah hallelujah hallelujah hallelujah hallelujah hallelujah like a thief in the night he ll return for his bride even so jesus come jesus come split the skies so be it god written by steven furtick davide mutendji mitch wong tiffany hudson music by elevation worship publishing original wong publishing bell music publishing ccli 7269606 elevationworship sobeit worshipmusic
JdCkPewFsc8,US,10,2026-01-23T18:00:06Z,149525,10272,520,"Phil Wickham, Crowder - It Really Is Amazing Grace (Official Music Video)","Official music video for ‚ÄúIt Really Is Amazing Grace‚Äù from Phil Wickham & Crowder

Stream or download the song here: https://fts.lnk.to/IRIAG

Connect with Phil Wickham: 
Website: https://philwickham.com
Instagram:  https://www.instagram.com/philwickham
Facebook: https://www.facebook.com/philwickham
TikTok: https://www.tiktok.com/@philwickhamofficial   

Lyrics:
Amazing Grace 
How sweet the sound 
That saved a wretch like me 
I once was lost 
But now I‚Äôm found 
Was blind but now I see 
 
Singing Hallelujah! 
There‚Äôs no chains on me 
Thank you Jesus 
You have set me free 
You welcomed me in 
Called me by name 
Was dead in my sin 
Now I‚Äôm dancing on that grave 
Hallelujah! It really is Amazing Grace 
 
‚ÄòTwas grace that taught 
My heart to fear 
And grace my fears relieved 
How precious did  
That grace appear 
The hour I first believed 
 
Singing Hallelujah! 
There‚Äôs no chains on me 
Thank you Jesus 
You have set me free 
You welcomed me in 
Called me by name 
Was dead in my sin 
Now I‚Äôm dancing on that grave 
Hallelujah! It really is Amazing Grace 
It really is, It really is 
It‚Äôs Amazing Grace 
 
I‚Äôll testify  
Of what He did 
He gave me life 
I‚Äôm born again 
My heart is free 
My soul is saved 
It really is Amazing Grace 
 
I‚Äôll testify  
Of what He did 
He gave me life 
I‚Äôm born again 
My heart is free 
My soul is saved 
It really is Amazing Grace 
 
It really is, It really is 
It really is Amazing Grace 
It really is, It really is 
 
Sing Hallelujah Hallelujah! 
There‚Äôs no chains on me 
Thank you Jesus 
You have set me free 
You welcomed me in 
Called me by name 
Was dead in my sin 
Now I‚Äôm dancing on that grave 
Hallelujah! It really is Amazing Grace 
 
It really is 
It really is Amazing Grace 
It really is, it really is 
It really is Amazing Grace 

#PhilWickham #Crowder #ItReallyIsAmazingGrace #SongOfTheSaints",Phil Wickham Worship Music Worship Christian Til I Found You This Is Amazing Grace Brandon lake House of the lord Battle Belongs Hymn of Heaven bethel elevation graves into gardens goodness of god christian music phil wickham vevo phil wickham live fair trade/columbia Living hope Jesus Christ My Living Hope Gratitude Praise Phil Wickham Living Hope Raise A Hallelujah Behold Anne Wilson My Jesus This Is Our God Amazing Grace Crowder Phil Amazing Grace,"Phil Wickham, Crowder - It Really Is Amazing Grace (Official Music Video) Official music video for ‚ÄúIt Really Is Amazing Grace‚Äù from Phil Wickham & Crowder

Stream or download the song here: https://fts.lnk.to/IRIAG

Connect with Phil Wickham: 
Website: https://philwickham.com
Instagram:  https://www.instagram.com/philwickham
Facebook: https://www.facebook.com/philwickham
TikTok: https://www.tiktok.com/@philwickhamofficial   

Lyrics:
Amazing Grace 
How sweet the sound 
That saved a wretch like me 
I once was lost 
But now I‚Äôm found 
Was blind but now I see 
 
Singing Hallelujah! 
There‚Äôs no chains on me 
Thank you Jesus 
You have set me free 
You welcomed me in 
Called me by name 
Was dead in my sin 
Now I‚Äôm dancing on that grave 
Hallelujah! It really is Amazing Grace 
 
‚ÄòTwas grace that taught 
My heart to fear 
And grace my fears relieved 
How precious did  
That grace appear 
The hour I first believed 
 
Singing Hallelujah! 
There‚Äôs no chains on me 
Thank you Jesus 
You have set me free 
You welcomed me in 
Called me by name 
Was dead in my sin 
Now I‚Äôm dancing on that grave 
Hallelujah! It really is Amazing Grace 
It really is, It really is 
It‚Äôs Amazing Grace 
 
I‚Äôll testify  
Of what He did 
He gave me life 
I‚Äôm born again 
My heart is free 
My soul is saved 
It really is Amazing Grace 
 
I‚Äôll testify  
Of what He did 
He gave me life 
I‚Äôm born again 
My heart is free 
My soul is saved 
It really is Amazing Grace 
 
It really is, It really is 
It really is Amazing Grace 
It really is, It really is 
 
Sing Hallelujah Hallelujah! 
There‚Äôs no chains on me 
Thank you Jesus 
You have set me free 
You welcomed me in 
Called me by name 
Was dead in my sin 
Now I‚Äôm dancing on that grave 
Hallelujah! It really is Amazing Grace 
 
It really is 
It really is Amazing Grace 
It really is, it really is 
It really is Amazing Grace 

#PhilWickham #Crowder #ItReallyIsAmazingGrace #SongOfTheSaints","Phil Wickham, Crowder - It Really Is Amazing Grace (Official Music Video) Official music video for ‚ÄúIt Really Is Amazing Grace‚Äù from Phil Wickham & Crowder Stream or download the song here: Connect with Phil Wickham: Website: Instagram: Facebook: TikTok: Lyrics: Amazing Grace How sweet the sound That saved a wretch like me I once was lost But now I‚Äôm found Was blind but now I see Singing Hallelujah! There‚Äôs no chains on me Thank you Jesus You have set me free You welcomed me in Called me by name Was dead in my sin Now I‚Äôm dancing on that grave Hallelujah! It really is Amazing Grace ‚ÄòTwas grace that taught My heart to fear And grace my fears relieved How precious did That grace appear The hour I first believed Singing Hallelujah! There‚Äôs no chains on me Thank you Jesus You have set me free You welcomed me in Called me by name Was dead in my sin Now I‚Äôm dancing on that grave Hallelujah! It really is Amazing Grace It really is, It really is It‚Äôs Amazing Grace I‚Äôll testify Of what He did He gave me life I‚Äôm born again My heart is free My soul is saved It really is Amazing Grace I‚Äôll testify Of what He did He gave me life I‚Äôm born again My heart is free My soul is saved It really is Amazing Grace It really is, It really is It really is Amazing Grace It really is, It really is Sing Hallelujah Hallelujah! There‚Äôs no chains on me Thank you Jesus You have set me free You welcomed me in Called me by name Was dead in my sin Now I‚Äôm dancing on that grave Hallelujah! It really is Amazing Grace It really is It really is Amazing Grace It really is, it really is It really is Amazing Grace #PhilWickham #Crowder #ItReallyIsAmazingGrace #SongOfTheSaints",73,1588,1662,323,phil wickham crowder it really is amazing grace official music video official music video for it really is amazing grace from phil wickham crowder stream or download the song here connect with phil wickham website instagram facebook tiktok lyrics amazing grace how sweet the sound that saved a wretch like me i once was lost but now i m found was blind but now i see singing hallelujah there s no chains on me thank you jesus you have set me free you welcomed me in called me by name was dead in my sin now i m dancing on that grave hallelujah it really is amazing grace twas grace that taught my heart to fear and grace my fears relieved how precious did that grace appear the hour i first believed singing hallelujah there s no chains on me thank you jesus you have set me free you welcomed me in called me by name was dead in my sin now i m dancing on that grave hallelujah it really is amazing grace it really is it really is it s amazing grace i ll testify of what he did he gave me life i m born again my heart is free my soul is saved it really is amazing grace i ll testify of what he did he gave me life i m born again my heart is free my soul is saved it really is amazing grace it really is it really is it really is amazing grace it really is it really is sing hallelujah hallelujah there s no chains on me thank you jesus you have set me free you welcomed me in called me by name was dead in my sin now i m dancing on that grave hallelujah it really is amazing grace it really is it really is amazing grace it really is it really is it really is amazing grace philwickham crowder itreallyisamazinggrace songofthesaints
VBxwLtSZXOk,US,10,2026-01-23T17:00:07Z,137048,15516,1151,Polo G - Boring Soul (Official Video),"POLO G 'Hood Poet Black Heart Edition"" Out Now -  https://polog.lnk.to/hoodpoetblackheart

Directed by Polo G & Diamond VIsuals 

----------------------
Follow Polo G
Facebook - https://www.facebook.com/pologofficial/
Instagram - https://www.instagram.com/polo.capalot/
Twitter - https://twitter.com/Polo_Capalot
TikTok - https://www.tiktok.com/@pologofficial

#PoloG #HoodPoetBlackHeart",,"Polo G - Boring Soul (Official Video) POLO G 'Hood Poet Black Heart Edition"" Out Now -  https://polog.lnk.to/hoodpoetblackheart

Directed by Polo G & Diamond VIsuals 

----------------------
Follow Polo G
Facebook - https://www.facebook.com/pologofficial/
Instagram - https://www.instagram.com/polo.capalot/
Twitter - https://twitter.com/Polo_Capalot
TikTok - https://www.tiktok.com/@pologofficial

#PoloG #HoodPoetBlackHeart","Polo G - Boring Soul (Official Video) POLO G 'Hood Poet Black Heart Edition"" Out Now - Directed by Polo G & Diamond VIsuals ---------------------- Follow Polo G Facebook - Instagram - Twitter - TikTok - #PoloG #HoodPoetBlackHeart",37,191,229,30,polo g boring soul official video polo g 'hood poet black heart edition out now directed by polo g diamond visuals follow polo g facebook instagram twitter tiktok polog hoodpoetblackheart
85UJ8Rvfj9g,US,10,2026-01-23T05:00:14Z,834509,97904,4652,Joji - Last of a Dying Breed (Visualizer),"Joji - Last of a Dying Breed

Last of a Dying Breed: https://joji.lnk.to/lastofadyingbreed
Piss In The Wind, out February 6th: https://joji.lnk.to/pissinthewind
Shop Vinyl, CD, merch & more: https://joji.lnk.to/pissinthewind/officialstore

Sign up: https://joji.lnk.to/signup
Website: https://jojimusic.com
Subscribe: https://joji.lnk.to/subscribe
Instagram: https://www.instagram.com/sushitrash/
TikTok: https://www.tiktok.com/@joji
Facebook: https://www.facebook.com/jojikansai/
WhatsApp: https://joji.lnk.to/whatsapp
X: https://x.com/sushitrash

CREDITS:
Visuals by BRTHR x angel333

#Joji #LastofaDyingBreed #PissInTheWind",Joji Nectar BALLADS 1 In Tongues Chloe Burbank Gimme Love Run SLOW DANCING IN THE DARK 88rising glimpse of us smithereens joji smithereens joji tour die for you joji head in the clouds joji music video joji official video joji visualizer joji lyrics joji yeah right joji sanctuary last of a dying breed piss in the wind pixelated kisses love you less past won't leave my bed,"Joji - Last of a Dying Breed (Visualizer) Joji - Last of a Dying Breed

Last of a Dying Breed: https://joji.lnk.to/lastofadyingbreed
Piss In The Wind, out February 6th: https://joji.lnk.to/pissinthewind
Shop Vinyl, CD, merch & more: https://joji.lnk.to/pissinthewind/officialstore

Sign up: https://joji.lnk.to/signup
Website: https://jojimusic.com
Subscribe: https://joji.lnk.to/subscribe
Instagram: https://www.instagram.com/sushitrash/
TikTok: https://www.tiktok.com/@joji
Facebook: https://www.facebook.com/jojikansai/
WhatsApp: https://joji.lnk.to/whatsapp
X: https://x.com/sushitrash

CREDITS:
Visuals by BRTHR x angel333

#Joji #LastofaDyingBreed #PissInTheWind","Joji - Last of a Dying Breed (Visualizer) Joji - Last of a Dying Breed Last of a Dying Breed: Piss In The Wind, out February 6th: Shop Vinyl, CD, merch & more: Sign up: Website: Subscribe: Instagram: TikTok: Facebook: WhatsApp: X: CREDITS: Visuals by BRTHR x angel333 #Joji #LastofaDyingBreed #PissInTheWind",41,265,307,48,joji last of a dying breed visualizer joji last of a dying breed last of a dying breed piss in the wind out february 6th shop vinyl cd merch more sign up website subscribe instagram tiktok facebook whatsapp x credits visuals by brthr x angel333 joji lastofadyingbreed pissinthewind
