video_id,title,description,tags,category_id,published_at,view_count,like_count,comment_count,region
poUtpQ2SzrI,Blueface Ft Stunna Girl - Better (OFFICIAL MUSIC VIDEO),(Dir. @RLPvids),,10,2026-01-17T01:05:47Z,547398,29856,3250,US
fmohHVMMN_o,Stranger Things Promo - SNL,"A Netflix trailer introduces new sequels, prequels and spinoff series for Stranger Things.

Saturday Night Live. Stream now on Peacock: https://pck.tv/3n1IyzK

Subscribe to SNL: https://goo.gl/tUsXwM
Stream Current Full Episodes: http://www.nbc.com/saturday-night-live

WATCH PAST SNL SEASONS
Google Play - http://bit.ly/SNLGooglePlay
iTunes - http://bit.ly/SNLiTunes

SNL ON SOCIAL
SNL Instagram: http://instagram.com/nbcsnl
SNL Facebook: https://www.facebook.com/snl
SNL Twitter: https://twitter.com/nbcsnl
SNL TikTok: https://www.tiktok.com/@nbcsnl

GET MORE NBC
Like NBC: http://Facebook.com/NBC
Follow NBC: https://x.com/NBC
YouTube: http://www.youtube.com/nbc
NBC Instagram: http://instagram.com/nbc

#SNL #FinnWolfhard #ASAPRocky #SNL51",snl saturday night live snl 51 saturday night live season 51 comedy sketch comedy funny live comedy snl skit saturday night live skit finn wolfhard stranger things finn wolfhard snl finn wolfhard host gaten matarazzo caleb mclaughlin mikey day andrew dismukes chloe fineman marcello hern√°ndez colin jost kenan thompson jeremy culhane kam patterson stranger things promo saturday night live finn wolfhard sketch host season 51 snl51 Finn Wolfhard,23,2026-01-18T06:52:13Z,270035,21059,681,US
gkz0IMbhX6s,STEAL A BRAINROT GIVEAWAY LIVE | STEAL A BRAINROT FREE SECRETS + FREE BRAINROT GODS,"STEAL A BRAINROT GIVEAWAY LIVE | STEAL A BRAINROT FREE SECRETS + FREE BRAINROT GODS GIVEAWAY! (ROBLOX)

steal a brainrot, steal a brainrot tips, steal a brainrot code, steal a brainrot hack, steal a brainrot magma, steal a brainrot codes, steal a brainrot owner, caylus steal a brainrot, steal a brainrot roblox, roblox steal a brainrot, steal a brainrot secret, steal a brainrot update, steal a brainrot script, steal a brainrot modded, steal a brainrot glitch, modded steal a brainrot, steal a brainrot hidden, steal a brainrot rainbow, steal a brainrot exploit, vindooly steal a brainrot, steal a brainrot vindooly, how to get free secrets in steal a brainrot, steal a brainrot giveaway live, steal a brainrot live, steal a brainrot update, steal a brainrot live stream, steal a brainrot free secrets, how to get secrets in steal a brainrot roblox, how to get free brainrot gods in steal a brainrot, roblox steal a brainrot, steal a brainrot roblox, streal a brainrot roblox giveaway, steal a brainrot giveaway, steal a brainrot giveaway live, steal a brainrot secret giveaway, steal a brainrot live giveaway, steal a brainrot brainrot god giveaway, steal a brainrot stream, steal a brainrot live, steal a brainrot 24/7 stream, steal a brainrot, steal a brainrot god, w steal a brainrot, steal a brainrot game, steal a brainrot gifting, steal a brainrot mod, steal a brainrot glitch, caylus steal a brainrot, steal a brainrot cheats, steal a brainrot hack, steal a brainrot 24/7, derk steal a brainrot, steal a brainrot admin abuse, when is the next admin abuse in roblox steal a brainrot",steal a brainrot giveaway steal a brainrot giveaway live steal a brainrot secret giveaway steal a brainrot live giveaway steal a brainrot brainrot god giveaway steal a brainrot stream steal a brainrot live steal a brainrot 24/7 stream steal a brainrot steal a brainrot god w steal a brainrot steal a brainrot game steal a brainrot gifting steal a brainrot mod steal a brainrot glitch steal a brainrot 24/7 roblox steal a brainrot steal a brainrot roblox,20,2026-01-18T03:19:45Z,620243,17430,72,US
4z9TwEF4LJU,"Jlexis, Dani Barranco, Rome LMN - NADIE COMO NOSOTROS (VIDEO OFICIAL)","Jlexis, Dani Barranco, Rome LMN - NADIE COMO NOSOTROS (VIDEO OFICIAL)

Esc√∫chalo en todas las plataformas digitales:

https://vm.group/nadie-como-nosotros-x2x-a

Suscr√≠bete a mi canal y s√≠gueme en las redes sociales:   
‚óã YouTube: https://www.youtube.com/@Jlexis
‚óã Facebook:  https://www.facebook.com/Jlexispr 
‚óã Instagram: https://www.instagram.com/jlexispr2/",,10,2026-01-18T00:00:06Z,447338,60277,33319,US
-tckRoT4ztg,"Avengers: Doomsday - Final Trailer ""Rise Of Doom"" | Chris Hemsworth, Chris Evans | 2026","#thor  #marvelstudios #chrishemsworth 

Watch the 'FAN (CONCEPT) Trailer Concept' For Marvel Studios' Avengers: Doomsday (2026) (More Info About This Video Down Below!)

‚ñ∂Ô∏è Watch More Concept Trailers:

Harry Potter and the Cursed Child Trailer - https://youtu.be/OnwogtoNJSA üëà

Frozen: Live Action Movie Trailer -  https://youtu.be/5FlLO5EpNic üëà

Pirates of the Caribbean 6 Trailer - https://youtu.be/uncc9uN0bbIüëà

""Avengers: Doomsday"" is the highly anticipated fifth installment in the core Avengers series, slated for release on December 18, 2026, marking a major event in Phase Six of the Marvel Cinematic Universe. Directed by the Russo Brothers‚ÄîAnthony and Joe Russo‚Äîthe film reunites many beloved heroes and introduces new alliances. As the MCU expands its multiverse saga, this crossover brings together iconic teams such as the Avengers, Fantastic Four, X-Men, Wakandans, and the New Avengers to confront the formidable villain Doctor Doom, portrayed in a stunning twist by Robert Downey Jr.

The ensemble cast features returning favorites such as Chris Hemsworth (Thor), Anthony Mackie (Captain America), Paul Rudd (Ant-Man), Letitia Wright (Shuri), Tom Hiddleston (Loki), Florence Pugh (Yelena), and many more. Among its most notable reunions are X-Men legends Patrick Stewart (Professor X), Ian McKellen (Magneto), Alan Cumming (Nightcrawler), Rebecca Romijn (Mystique) and James Marsden (Cyclops). The Fantastic Four join the fray with Vanessa Kirby as Sue Storm and Pedro Pascal as Reed Richards. The film's story picks up 14 months after Thunderbolts (2025), as multiple superhero teams unite against Doctor Doom's machinations in an epic multiverse showdown.

Alan Silvestri, acclaimed composer of previous MCU hits, returns to score Avengers: Doomsday, promising a powerful musical backbone. The screenplay is crafted by Michael Waldron and Stephen McFeely, combining fresh narrative perspectives with seasoned MCU storytelling. Filming commenced in April 2025 at Pinewood Studios in England and will span approximately six months, underscoring Marvel's ambitious scale and logistical coordination. With a release date firmly set for December 18, 2026, and a sequel (Avengers: Secret Wars) slated for December 17, 2027, Doomsday is positioned as a pivotal chapter in the concluding arc of the MCU‚Äôs Multiverse Saga.

Editing, VFX, SFX, Thumbnail by @GalacticTrailerOfficial 
Please subscribe:
‚úÖYouTube: https://www.youtube.com/c/GalacticTrailerOfficial
‚úÖInstagram: https://www.instagram.com/darthvideos/
‚úÖTiktok: https://www.tiktok.com/@darthtrailer
‚úÖ Twitter: https://twitter.com/Darth_Trailer
------------------------------------------------------------------------------------
Software I use: Adobe Premiere, After Effects, Photoshop, Adobe Audition, Unreal Engine 5.4
------------------------------------------------------------------------------------

‚óÅ On our channel, we create trailer mashups ‚ñ∑ Trailer mashups, also known as recut trailers, are crafted by gathering various film footage from one or more movies and re-editing them to form a brand-new trailer. These mashups often depict a movie that doesn‚Äôt exist or shift the genre of an existing film. As derivative works defined under the United States Copyright Act 17 U.S.C. ¬ß 101, they may be protected from copyright claims under the fair use doctrine.

Trailer mashups are not just a form of user-generated digital creativity but also a unique way to build excitement for upcoming releases, complementing official movie trailers. While traditional trailers tease the plot and generate hype, fan-made mashups let the audience put their own cinematic twist on existing footage. This creative freedom can spotlight a particular actor, emphasize a specific storyline, or even transform the film‚Äôs genre entirely.

This video is a parody. Due to its derivative and transformative nature, it is protected under Fair Use.

------------------------------------------------------------------------------------
Thank You So Much For Watching!
May the force be with us, Always!",Avengers Doomsday trailer Avengers Doomsday movie Marvel Avengers Doomsday Avengers Doomsday 2026 Avengers Doomsday cast Doctor Doom Robert Downey Jr. Avengers Doomsday plot Avengers Doomsday teaser Avengers Doomsday first teaser Avengers Doomsday first look trailer Avengers Doomsday leaked trailer Avengers Doomsday villain Avengers Doomsday Russo Brothers Avengers Doomsday full cast Avengers Doomsday release date avengers deadpool Avengers xmen movie mcu,1,2026-01-17T15:00:02Z,126413,676,19,US
u1_Bhvry-qg,EXTREME SHARK GAME!!!,EXTREME SHARK GAME!!!,,20,2026-01-18T04:23:04Z,858310,5099,0,US
11j9KBDS2Xk,YoungBoy Never Broke Again - Resume [Official Video],"YoungBoy Never Broke Again ‚Äì  
New Music: https://nbayoungboy.lnk.to/Music

Connect with YoungBoy Never Broke Again: 
http://www.youngboynba.com
https://www.instagram.com/nba_youngboy
https://www.soundcloud.com/nba-youngboy
https://www.tiktok.com/@nbayoungboy

The official YouTube channel of YoungBoy Never Broke Again. Subscribe for the latest music videos, performances, and more.

#YoungBoyNeverBrokeAgain",YoungBoy Never Broke Again NBA YoungBoy YoungBoy Quando Rondo YoungBoy Leak Make No Sense YoungBoy Youngboy Lost Motives YoungBoy NBA Music Video YoungBoy Never Broke Again TOP nba youngboy top YoungBoy NBA TOP album 7KTt4_M09Rw 0C80BSgjb8M qChxuVxs8FA dYk-yCsuTUo 6MCSr65d9Xc ALimx-H8C6s YoungBoy Never Broke Again Sincerely Kentrell Sincerely Kentrell Youngboy NBA Sincerely Kentrell Sincerely Kentrell album YBNBA Sincerely Kentrell YB Sincerely Kentrell Kentrell,10,2026-01-16T16:59:22Z,824660,50783,4291,US
SFKLTYwS9Fg,Bad Bunny Takes the World‚Äôs Biggest Stage | Apple Music Super Bowl Halftime Show (Official Trailer),"On February 8th, the world will dance. Watch Bad Bunny live at the Super Bowl LX Apple Music Halftime Show. apple.co/SBLX

Subscribe to Apple Music: https://apple.co/AppleMusicYT

Follow Apple Music:
TikTok: https://tiktok.com/@applemusic
Instagram: https://instagram.com/applemusic
Facebook: https://facebook.com/applemusic
X: https://X.com/applemusic

Watch more Apple Music: 
What‚Äôs New: https://apple.co/2VFatTU
Apple Music Up Next: https://apple.co/2MLktXE
Interviews: https://apple.co/32WnrPV
What‚Äôs Trending: https://apple.co/2Meq89t

Apple Music lets you listen to millions of songs, online or off, totally ad-free. Create and share your own playlists, get exclusive content and personalized recommendations, and listen to radio hosted by artists streaming live or on demand.

#applemusichalftime #SBLX #badbunny",apple music apple music apple music youtube youtube apple music apple music 1 bad bunny apple music halftime show nfl super bowl super bowl halftime show,10,2026-01-16T14:02:45Z,282986,18058,897,US
flLZfUEwKcI,üî¥LIVE | NUT RAIDERS w/ Cloakzy & HutchMF | SLUR SATURDAY | #FartInMyNostrils #BUNGULATE,,funny escape from tarkov tarkov,20,2026-01-18T09:13:43Z,976828,16985,65,US
xGrJVd3nJxM,"Mozzy, EST Gee - YOU HEAR ME THO (Official Video)","Listen to the single ‚ÄúYOU HEAR ME THO"". Out Now!
Stream: https://music.empi.re/youhearmetho



#Mozzy #EstGee  #EMPIRE



Official Audio by Mozzy & EST Gee - ""YOU HEAR ME THO"" ¬© 2026 Mozzy Records / Young Shiners LLC / EMPIRE",Mozzy EST Gee Mozzy Records Young Shiners LLC EMPIRE Rap/Hip-Hop,10,2026-01-17T18:01:08Z,295324,8488,479,US
3OSkg0JudmU,"Medusa (2026) - First Look | Angelina Jolie, Keanu Reeves - Concept Trailer","#Medusa2026 #AngelinaJolie #KeanuReeves

Watch This Medusa Fan Made Concept Trailer (2026)

Angelina Jolie gives Medusa, a monster from Greek mythology, a different look in this tragic remake of the mythological legend Medusa, which tells the story of Medusa from her perspective rather than through the eyes of Perseus, a hero. In this version, Jolie portrays Medusa as a hauntingly beautiful and angry woman, a priestess punished by Athena for crimes she did not commit; her transformation into the Gorgon, instead of a form of divine punishment for the crimes she committed, is a result of her being a victim, and Athena's refusal to hold herself accountable for the crime she committed against Medusa. In addition, Keanu Reeves portrays Poseidon with the same level of charming evil that he has portrayed in other roles as the god responsible for Medusa's transformation due to his assault on Athena in her temple and the fact that he has no responsibility for the actions that lead to Medusa's transformation.

What is so different about this adaptation is the way it treats the myth as a horror story about misogyny and victim blaming under the guise of divine authority. This version of Medusa also explores the way Medusa became a monster because of the gods' refusal to be held accountable for their cruel behavior towards humans. The special effects in this version of the movie are incredible, using a combination of practical makeup and digital enhancements to create Medusa's snake-like hair as both beautiful and frightening at the same time. The serpentine hair reflects Medusa's emotions and trauma, visually representing the pain she has endured and continues to endure.

You will see flashbacks to Medusa's life before the curse and the isolation and loneliness she experiences after the curse takes effect, turning to stone every living creature that looks upon her. These images show that Medusa's existence after the curse is a prison of loneliness that is far more torture than any physical chains could possibly inflict. Reeves portrays Poseidon as a powerful god who views human suffering as unworthy of his concern, and each of his brief appearances make it clear that Medusa had no chance of either fighting back against the curse or seeking justice for the abuse she suffered at his hands. The film examines rage as a means of survival and isolation as both a means of protection and a form of punishment. The film shows how one person can become the monster that society labels them as when they are denied all humanity and left with nothing but rage.

Expect the film to have a gothic horror aesthetic in Medusa's lair filled with stone statues of those who have hunted her, a great deal of psychological depth regarding the long-lasting effects of trauma, and the righteous anger that Medusa will experience when she finally understands the power her curse allows her to use. This is not a villain origin story ‚Äî it is a survivor's testimony about what happens to people when gods play with mortal lives and society blames the victims of divine crimes for their treatment.

Disclaimer:
This is an unofficial fan-made concept trailer created solely for entertainment and artistic purposes. It is not associated with or endorsed by any film studio or production company. This video uses artificial intelligence generated imagery and editing techniques to represent a hypothetical original film inspired by Greek mythology.

Along with fan-made trailers, I also share movie reviews, news, and updates from the world of entertainment. Be sure to hit that subscribe button and stay updated on all the latest from my channel!

-----------------------------------------------------------------------------
Made by:  @ultimatestudiosofficial
-----------------------------------------------------------------------------

‚ñªFollow us on:

Instagram: https://www.instagram.com/ultimatestudiosofficial/
Facebook: https://www.facebook.com/thetrailers
Twitter/X: https://x.com/theultstudios",medusa: the untold story the story of medusa angelina jolie greek mythology medusa film Medusa (2026) keanu reeves poseidon angelina jolie medusa Keanu Reeves Medusa movie Medusa announcement Medusa cast Medusa film medusa angelina jolie Medusa chris hemsworth Medusa story Medusa charlize theron medusa full movie medusa fan trailer medusa trailer greek mythology movie medusa greek mythology medusa and poseidon medusa movie trailer medusa teaser,24,2026-01-16T12:30:06Z,202465,2116,246,US
eDk8xVjVkhI,New BRUNO MARS CONCERT UPDATE + New Brainrots!,"SAB with @ConorMcGregor  & JR! LOCK IN

‚ö†Ô∏èGo follow my ROBLOX GROUP: 
https://www.roblox.com/communities/36047290/CayPlay#!/about

‚ö†Ô∏èCop the CAYLUS CHAIN:
https://www.roblox.com/communities/11190175/Caylus-Group#!/store

ü§ØNEW HOODIE & PLUSHIE
https://shopcaylus.com

üéØ Play Waterpark Simulator NOW! 
https://store.steampowered.com/app/3293260/Waterpark_Simulator/
 ‚≠êÔ∏è Play Waterpark Simulator DEMO NOW! ‚Äì https://store.steampowered.com/app/3293260/Waterpark_Simulator/
 üåä COME HANG OUT WITH ME IN THE DISCORD. I am there now! ‚Äì https://discord.gg/waterparksimulator

*CAYLUS PLUSHIES* https://shopcaylus.com/

Roblox Group: https://www.roblox.com/communities/11190175/Caylus-Group#!/about

üëÄSubscribe to my NEW secret Roblox channel https://www.youtube.com/@CaylusBloxTopVids

Use ‚≠ê*STARCODE*‚≠ê Caylus
Caylus InstagramüëÄ https://www.instagram.com/caylus/?hl=en
Caylus Twitterüê¶ https://x.com/caylusq",caylusblox caylus roblox caylus roblox Steal a brainrot update ADMIN ABUSE In Steal a Brainrot! admin abuse steal a brainrot caylus admin abuse caylus steak caylus steal a brainrot christmas eve admin abuse skibidi toilet caylus skibidi toilet Playing SCARY SHWARMA w/ Steak & Foltyn.. New OP BRAINROTS + DUELS MACHINE Update! steal a brainrot duels bruno mars caylus bruno mars caylusblox bruno mars caylusblox escape tsunami caylus stream,20,2026-01-17T21:14:30Z,2685831,37442,584,US
Z2QmDXeOlhw,Canasteo,"Provided to YouTube by Virgin Music Group

Canasteo ¬∑ R√©gulo Molina ¬∑ Oscar Maydon ¬∑ Neton Vega

Canasteo

‚Ñó 2026 Rico o Muerto by Baja Sound LLC

Released on: 2026-01-16

Mastering Engineer, Producer: Prince L
Composer: R√©gulo Molina
Composer: Oscar Rene Maydon Meza
Composer: Joel N√∫√±ez
Composer: Justin Quiles
Composer: Net√≥n Vega
Producer: Rub√©n Calderon Garc√≠a
Producer: Alberto Cardenas Gallegos
Producer: Joel Nu√±ez
Producer: David Alva
Composer: R√©gulo Molina
Composer: Oscar Rene Maydon Meza
Composer: Joel N√∫√±ez
Composer: Justin Quiles
Composer: Net√≥n Vega

Auto-generated by YouTube.",R√©gulo Molina Oscar Maydon Neton Vega Canasteo,10,2026-01-15T10:01:53Z,509397,20074,0,US
YoMTjC4pDcY,Mary J. Blige Presents Be Happy | Official Trailer (Lifetime 2026),"Tisha Campbell stars in Lifetime's 'Mary J. Blige Presents Be Happy,' inspired by the GRAMMY-winner's hit song. Campbell is 50-year-old Val, a devoted wife and stay-at-home mom, who is eager to reignite the spark in her marriage when her youngest child leaves for college. Grappling with empty-nest feelings, loneliness and growing emotional distance from her husband Ross (Russell Hornsby), Val begins to realize that her marriage and the woman she once was, may be slipping away. A spontaneous escape to New Orleans to support her pregnant daughter, Kayla (Zing Ashford), awakens long-buried dreams and passions and introduces her to Peter Mosley (Mekhi Phifer), a handsome and charismatic photographer who sees her in ways she has forgotten to see herself.  Reawakening her artistic spirit and rediscovering her worth, Val must face a life-altering question: is it ever too late to choose yourself and the love you truly deserve? 'Mary J. Blige Presents Be Happy' premieres on Saturday, Feb. 7, at 8 p.m. ET/PT as part of Love of a Lifetime.",Tisha Campbell-Martin Mary J Blige,24,2026-01-16T17:30:12Z,120545,2256,180,US
C_zo-rv19p0,Hermitcraft 11: Episode 9 - THE RESCUE!,Grian is back on hermitcraft for episode 9!,Minecraft Grian building grian mincraft tutorial yt:quality=high minecraft ideas creative build,20,2026-01-17T18:00:13Z,796686,60795,2964,US
WFPAm519lfI,Veeze - One of Them Ones (feat. Rylo Rodriguez & Lil Baby) [Official Music Video],"Watch the Official Music Video for ""One of Them Ones"" (feat. Rylo Rodriguez & Lil Baby)

Stream ""One of Them Ones"": https://veeze.lnk.to/oneofthemones

Follow Veeze:
https://www.instagram.com/veezeworst/
https://x.com/Ganger4eva
https://www.tiktok.com/@veezeworst_?lang=en
https://www.facebook.com/officialveeze/

Navy Wavy LLC, under exclusive license to Warner Records Inc.

#veeze #OneOfThemOnes #LilBaby #rylorodriguez #hiphop #ganger #detroitrap #worsttape",Veeze Lil Baby Rylo Rodriguez One of Them Ones Official Music Video Rap Hip Hop New Hip Hop 2026 Kyrie Irving New Veeze Veeze Lil Baby Rylo Rodriguez Can't Act Broke Actin Like Kyrie Irving Really Just One of Them Ones,10,2026-01-16T05:00:40Z,549775,28297,1380,US
ntUrMeijGoo,The Mortuary Assistant - Official Trailer,"Take a look at the Official Trailer for The Mortuary Assistant, a horror film adaptation based on the hit video game series distributed by Shudder. Spend a night at the mortuary with The Mortuary Assistant, in theaters on February 13 and streaming on Shudder on March 27.

The Mortuary Assistant follows newly certified mortician Rebecca Owens, who accepts a night shift at a mortuary, embalming bodies alone after hours. As disturbing events escalate, Rebecca uncovers demonic rituals, the dark secrets of her enigmatic mentor, and her own buried trauma‚Äîracing to survive the night before her body becomes a vessel for possession.

The Mortuary Assistant stars Willa Holland, Paul Sparks, Mark Steger, Shelly Gibson, Keena Ferguson Fraiser, and more. The film was written by Tracee Beebe and Brian Clarke. The Mortuary Assistant was produced by Patrick Ewald‚Äôs Epic Pictures via the Company‚Äôs horror division, Dread, Cole Payne‚Äôs Traverse Media and Jacob P. Heineke. Executive producers include Brian Clarke, Katie Page, Yulissa Morales, Randy Sinquefield, Patrick Fischer and Oliver Garboe.

The Mortuary Assistant is in theaters on February 13 and streaming on Shudder on March 27.",The Mortuary Assistant The Mortuary Assistant game trailer game trailers trailer trailers gaming video games video game trailer video game trailers new game trailers new video game trailers upcoming video games new video games 2025 upcoming video games 2025,24,2026-01-16T20:07:23Z,217698,12810,712,US
oRkFD80oy-k,We Played The Most Extreme Game of Tag... Again,"Back on STORROR Parkour Pro and we still suck at this game but hey at least we get to play tag :)

Use code S7 on Gamer Supps for 10% OFF your order
Get my GamerSupps flavor, GOOD here!: https://gamersupps.gg/s7

Check out my other channels!
Solo Let's Play Channel: https://www.youtube.com/@SMii7Yplays
Stream Highlight Channel:  https://www.youtube.com/c/SMii7Yplus
Stream VODs:  https://www.youtube.com/c/SMii7Yminus

Follow my social medias and stream!
üî¥ Stream  -  http://www.twitch.tv/smii7y
üëï Merch - https://smii7y.store/
üê¶ Twitter  -  https://twitter.com/SMii7Y
üì∑ Instagram  -  https://www.instagram.com/smii7y/

Friends in the video:
@imSovi 
@Yumi 
@daukey 

üéµ Music by:
http://www.epidemicsound.com/
https://www.shutterstock.com/
http://www.premiumbeat.com/
http://audiojungle.net/
https://www.soundsnap.com/
https://www.pond5.com/
https://motionarray.com/
incompetech.com 
Licensed under Creative Commons: By Attribution 3.0
http://creativecommons.org/licenses/by/3.0/
https://99sounds.org/

Edited by: https://x.com/MrNoxn
Thumbnail Milkbag Character Artist: https://twitter.com/ArtzyYT
Intro Milkbag Character Artist: https://twitter.com/RoboEye5
Outro Music Created by:  https://www.youtube.com/@MattercellEntertainment",smii7y smii7yplus smii7y+ smii7y plus storror parkour pro storror parkour pro gameplay storror parkour pro game storror parkour pro multiplayer storror parkour pro funny moments storror storror parkour parkour game free running storror parkour game parkour simulator parkour,20,2026-01-17T21:43:00Z,884169,58883,1640,US
R6e4tBWxIxE,ENHYPEN (ÏóîÌïòÏù¥Ìîà) 'Knife' Official MV,"ENHYPEN (ÏóîÌïòÏù¥Ìîà) 'Knife' Official MV

Vampire is here
https://enhypen.lnk.to/THESINVANISH

EXECUTIVE PRODUCER Kim Taeho
Directed by OH XIMIN (NoisyRoom)

‚ìí BELIFT LAB Inc. All Rights Reserved

Connect with ENHYPEN
OFFICIAL WEBSITE https://ENHYPEN.com
ENHYPEN Weverse https://www.weverse.io/enhypen
OFFICIAL YOUTUBE https://www.youtube.com/ENHYPENOFFICIAL
OFFICIAL X (TWITTER) https://twitter.com/ENHYPEN
ENHYPEN X (TWITTER) https://twitter.com/ENHYPEN_members
OFFICIAL JAPAN X (TWITTER) https://twitter.com/ENHYPEN_JP
OFFICIAL FACEBOOK https://www.facebook.com/officialENHYPEN
OFFICIAL INSTAGRAM https://www.instagram.com/enhypen
OFFICIAL TIKTOK  https://www.tiktok.com/@enhypen
OFFICIAL WEIBO https://weibo.com/ENHYPEN
OFFICIAL BILIBILI https://space.bilibili.com/3493119035181246
OFFICIAL DOUYIN https://v.douyin.com/TLfWnNVDBP8/

created with DARK MOON

#ENHYPEN #ÏóîÌïòÏù¥Ìîà #THE_SIN_VANISH #EN_Knife",HYBE HYBE LABELS ÌïòÏù¥Î∏å ÌïòÏù¥Î∏åÎ†àÏù¥Î∏îÏ¶à,10,2026-01-16T05:00:00Z,14523436,626087,76127,US
-1UJJPAWudQ,Euphoria Season 3 | Trailer | HBO Max,"Say your prayers. April 12. 

#Euphoria returns to HBO Max. 

About HBO Max:
HBO Max is the premier global streaming platform from Warner Bros. Discovery that delivers the most unique and captivating stories, ranging from the highest quality in scripted programming, movies, documentaries, true crime, adult animation, and live sports and news (where available). HBO Max is the destination for prestigious entertainment brands such as HBO, Warner Bros., Max Originals, DC, Harry Potter, as well as iconic shows like ‚ÄúFriends‚Äù and ‚ÄúThe Big Bang Theory,‚Äù all in one place.

GET HBO MAX
https://hbomax.com/

FOLLOW HBO MAX
Follow HBO Max on YouTube: https://hbom.ax/YouTube
Follow HBO Max on Instagram: https://hbom.ax/Instagram
Follow HBO Max on TikTok: https://hbom.ax/Tiktok
Follow HBO Max on Twitter: https://hbom.ax/x
Follow HBO Max on Facebook: https://hbom.ax/Facebook",hbo max hbo hbo originals hbo original series hbo trailer new on hbo hbo max originals hbo max trailer hbo max series hbo max youtube euphoria euphoria season 3 euphoria trailer 1 euphoria trailer zendaya sydney sweeney jacob elordi rue cassie nate alexa demie maddy lexi jules maude apatow hunter schafer zendaya euphoria euphoria new season hbo euphoria season 3 sydney sweeney euphoria sydney sweeney cassie cassie and nate cassie and maddy,24,2026-01-14T16:00:13Z,4035871,99485,6740,US
X8XvSM35u9w,"I Made $108,063,600 Exploiting the Entire Economy With Just 1 Item","Pro mining tip: If you need to make a little extra cash, just phase out of a wall and into the fifth dimension and create your own economy!

JOIN MY STREAMS! ‚ñ∫ https://www.twitch.tv/letsgameitout

Subscribe if you enjoy! ‚ñ∫ http://bit.ly/letsgameitout_show

Bluesky ‚ñ∫ https://bsky.app/profile/letsgameitout.tv
Twitter ‚ñ∫ https://twitter.com/letsgameitout
TikTok ‚ñ∫ https://www.tiktok.com/@letsgameitout
Facebook ‚ñ∫ https://www.facebook.com/letsgameitout

Want more LGIO?!

More Simulator Mayhem ‚ñ∫ https://www.youtube.com/watch?v=UqaNKNgSxYI&list=PLrBjj4brdIRzn3ja4BfqYUForg0p-p5wi

Funny Tycoon Games ‚ñ∫ https://www.youtube.com/watch?v=UqaNKNgSxYI&list=PLrBjj4brdIRwf14QPGmfDXCQQrDs860ig

The Finest One-Offs ‚ñ∫ https://www.youtube.com/watch?v=zIOFGCbwJSs&list=PLrBjj4brdIRwKf72d6spk7fSHhwwYuQu1

Some Truly Bizarre Games  ‚ñ∫ https://www.youtube.com/watch?v=zIOFGCbwJSs&list=PLrBjj4brdIRyM5mUsHwPN0PH6UVNfeNl2

#LetsGameItOut

I Made $108,063,600 Exploiting the Entire Economy With Just 1 Item - MineMogul - Let's Game It Out

----------

Check it out on Steam ‚ñ∫ https://store.steampowered.com/app/3846120/MineMogul/

More about MineMogul (from Steam):

Design and build a factory deep underground in this physics-based automation sandbox. Mine resources, buy machines and master the chaos as you become the ultimate Mine Mogul!

Build A Sprawling Factory
Enjoy the casual construction of massive, interconnected factories deep underground. Wind conveyors through twisting mineshafts, connect machines, and harness physics to automate your every need.

Explore The Unknown
Venture into the mysterious, hollowed shell of a forgotten cave system. Discover secrets, unearth hidden resources, and rebuild among the ruins of abandoned mining operations. Every cavern holds new opportunities for the ambitious mogul.

Manage The Chaos
As your factory grows, so does the madness! Conveyors overflow, parts scatter, and unexpected physics mishaps keep you on your toes. Tweak your designs, optimize machine placement, and find creative solutions to keep the gears turning and the chaos under control.",let's game it out lets game it out let game it out let'sgameitout letsgameitout letgameitout game it out gameitout lgio josh let's game it out let's game it out josh lgio josh josh lgio let's game it out simulator josh simulator funny moments minemogul minemogul game mining game lets game it out mine mogul let's game it out mine mogul mining mogul mining games let's game it out mine game let's game it out,20,2026-01-17T15:29:59Z,1384580,87507,3051,US
fdKEN2ipsBU,Ros Kantri,"Provided to YouTube by Zojak World Wide, LLC

Ros Kantri ¬∑ Mavn LKLD ¬∑ Evin Rush ¬∑ Flunky

Ros Kantri

‚Ñó Mavn LKLD & Lopez Records

Released on: 2026-01-13

Producer: Mavn LKLD
Producer: Jeremiah Nangore
Producer: Wavetrax Inc
Producer: Hauskuk Musik
Producer: Stingray Records
Composer: Mavn LKLD
Composer: Evin Rush

Auto-generated by YouTube.",Mavn LKLD Evin Rush Flunky Ros Kantri,10,2026-01-12T17:42:02Z,31297,1581,0,US
dg3z-cvp4U0,SUPER SPACE SHERIFF GAVAN INFINITY‚îÇSUPER Official Trailer 3,"‚ÄúPROJECT R.E.D.‚Äù launches!! 

The First Title: ‚ÄúSUPER SPACE SHERIFF GAVAN INFINITY‚Äù",toei tokusatsu world official toei kamen rider super sentai power rangers tokusatsu,24,2026-01-18T01:15:04Z,63297,5448,535,US
2FE7pOBbRn8,We Built America in Minecraft,"You won‚Äôt believe how crazy America‚Äôs build was
Beast Games 2: Strong vs Smart is live now on Prime Video, go watch it right now for free: https://linktr.ee/beastgames

The new Feastables Chocolate Caramel Hearts are now available for Valentine's Day!! Go find them at Walmart, Kroger, or Albertsons üëâ https://fstbls.com/5mj6dv

New Merch - https://mrbeast.store
Join our discord server for your chance to compete in future Minecraft challenges!
https://discord.gg/mrbeastgaming
Music Provided by https://www.extrememusic.com

We replaced the voice and removed the name of the builder from the Netherlands for privacy reasons. Huge thanks to everyone from the Netherlands build team for making an incredible build. Just wanted to clear up any confusion, enjoy the video!
----------------------------------------------------------------
follow all of these or i will kick you
‚Ä¢ Facebook - https://www.facebook.com/MrBeast/
‚Ä¢ Twitter - https://twitter.com/MrBeast
‚Ä¢  Instagram - https://www.instagram.com/mrbeast",,20,2026-01-17T17:00:05Z,7117820,313911,40184,US
pAgkW0bT6KY,Romeo Santos - Imitadora (Letra),"üéµRomeo Santos - Imitadora (Letra)

‚á® Romeo Santos :
https://www.facebook.com/RomeoSantosOfficial
https://www.instagram.com/romeosantos
https://www.youtube.com/channel/UCyxbZF7_PK4nLiexj0kkCNg
https://twitter.com/RomeoSantosPage

‚á® Escucha Nuestra Playlist de Spotify! :
https://open.spotify.com/playlist/7iUQLvlRuKvVdZ1yDhmH6H?si=19a494afbd454b8c
‚á® Escucha Nuestra Playlist de Youtube! :
https://youtube.com/playlist?list=PLzUy9qQrjQ34Cy6LskeRlvu4sTBYhkBUw&si=GbkIvDRRAN_fLth4

üîî Activa las notificaciones para enterarte de los v√≠deos nuevos!

Espero que te haya gustado nuestro video!

Letra :
Hey
Who are you?
Mi memoria ha conservado lo que se ha llevado el viento
Y yo estoy estancado en esos tiempos
Cuando t√∫ me amabas y con gran fulgor sent√≠a tus besos
Dime, qu√≠tame esta duda
¬øQui√©n es esta extra√±a que se ha apoderado de tu ser?
¬øD√≥nde est√° la amante loca que me erizaba la piel?
Porque ya t√∫ no me tocas como lo hac√≠a esa mujer
Algo no anda bien
Esta noche me hago el interrogante
Y le pongo fin a la impostora, usurpadora
Exijo contigo una entrevista
Sospecho plagio a mi se√±ora, mala imitadora
Dime, tengo unas preguntas
¬øD√≥nde fue bajo la lluvia que te di ese primer beso?
Dime, tambi√©n, rel√°tame el momento
N√∫mero de alojamiento donde yo te hice mujer
Conf√≠rmame
¬øQu√© me enciende en el sexo?
¬øQu√© me encanta de tu cuerpo?
Nuestra primer aventura
Quiero detalles
¬øSer√° el cuello o el ombliguito
Tu punto favorito?
Porque yo s√≠ s√© cu√°l es
Si en verdad eres la original
Demu√©stramelo ahora
Esta noche me hago el interrogante
Y le pongo fin a la impostora, usurpadora
Exijo contigo una entrevista
Sospecho plagio a mi se√±ora, mala imitadora
Dime, tengo unas preguntas
¬øD√≥nde fue bajo la lluvia que te di ese primer beso?
Dime, tambi√©n, rel√°tame el momento
N√∫mero de alojamiento donde yo te hice mujer
Conf√≠rmame
¬øQu√© me enciende en el sexo?
¬øQu√© me encanta de tu cuerpo?
Nuestra primer aventura
Quiero detalles
¬øSer√° tu cuello o el ombliguito
Tu punto favorito?
Porque yo s√≠ s√© cual es
Si en verdad eres la original
Demu√©stramelo ahora
T√∫ no era' as√≠ cuando te conoc√≠
Tell me where she's at
¬øQui√©n es esta imitadora hoy en su lugar?
Tell me where she's at
Yo la extra√±o, ¬øa d√≥nde se me perdi√≥?
Tell me where she's at?
Que regrese mi amada porque t√∫
No eres t√∫",,10,2026-01-12T21:01:06Z,454159,484,2,US
OtxsgvA8nTw,HORRIBLE R6 CLIPS,"Get the Jynxzi charm HERE: https://subs.twitch.tv/jynxzi

Get the Jynxzi charm HERE: https://subs.twitch.tv/jynxzi

Get the Jynxzi charm HERE: https://subs.twitch.tv/jynxzi

---------------------------------------------------------------------------------------------------------------------------

HORRIBLE R6 CLIPS

---------------------------------------------------------------------------------------------------------------------------

G FUEL x JYNXZI 20% OFF: http://gfuel.ly/jynxzi Code: ""JYNXZI""

KONTROLFREEK x JYNXZI 12% off: https://glnk.io/Jynxzi Code: ""JYNXZI""",Jynxzi JynxziR6 JynxziLive Jynxzi Stream HORRIBLE R6 CLIPS jynxzi r6 clips r6 clips,20,2026-01-17T23:36:20Z,332993,10746,558,US
5K3bQumtn7w,You‚Äôre the Inspiration,"Provided to YouTube by Warner Music Group - X5 Music Group

You‚Äôre the Inspiration ¬∑ Chicago

Sounds of the 80's

‚Ñó 2026 Warner Music Group - X5 Music Group

Released on: 2026-01-14

Producer: David Foster
Engineer, Mastering: George Marino
Engineer, Audio Recording Engineer: Humberto Gatica
Mixer, Mixing: Humberto Gatica
Composer Lyricist, Writer: David Foster
Composer Lyricist, Writer: Peter Cetera

Auto-generated by YouTube.",Chicago Sounds of the 80's You‚Äôre the Inspiration,10,2026-01-13T10:00:09Z,100590,975,8,US
2VGrOtI9B3I,Lazaret (FULL GAME),"From the devs of Gretlow Tapes comes Lazaret which blew me away
Drink my coffee: https://topofthemornincoffee.com/

Follow me on Instagram: https://www.instagram.com/jacksepticeye

Edited By: https://www.youtube.com/@treyyates",jacksepticeye,20,2026-01-17T17:00:05Z,367768,21576,1394,US
jaPGexY1l5A,BOO,"Provided to YouTube by Hitmaker

BOO ¬∑ H3adband

BOO

‚Ñó WatchDatBaby Records/Hitmaker Distro

Released on: 2025-10-14

Producer: Jordan Randall
Vocals: H3adband
Composer: Jordan Randall
Lyricist: Jordan Randall

Auto-generated by YouTube.",H3adband BOO,10,2026-01-15T16:39:38Z,170012,4857,83,US
5WaR_Z8gsbE,Whatever I GOOGLE COMES TO LIFE In Steal A Brainrot!,"Today I played steal a brainrot but whatever I google comes to life! Make sure you watch the whole video to find out what happens.

Merch: https://foltyn.shop/

Join this channel to get access to perks:
https://www.youtube.com/channel/UCRkuUgtDAL4XSU5jB40J_wA/join

--Socials--

Discord: https://discord.gg/hqwZhrkqRr

Roblox Group: https://www.roblox.com/groups/11775558/Foltyns-Family#!/about

Roblox Name: TheRealFoltyn

Insta: https://www.instagram.com/realfoltyn/

Twitter: https://twitter.com/Foltynnn

What is Roblox? ROBLOX is an online virtual playground and workshop, where kids of all ages can safely interact, create, have fun, and learn. It‚Äôs unique in that practically everything on ROBLOX is designed and constructed by members of the community. ROBLOX is designed for 13 to 18 year olds, but it is open to people of all ages. Each player starts by choosing an avatar and giving it an identity. They can then explore ROBLOX ‚Äî interacting with others by chatting, playing games, or collaborating on creative projects. Each player is also given their own piece of undeveloped real estate along with a virtual toolbox with which to design and build anything ‚Äî be it a navigable skyscraper, a working helicopter, a giant pinball machine, a multiplayer ‚ÄúCapture the Flag‚Äù game or some other, yet-to-be-dreamed-up creation. There is no cost for this first plot of virtual land. By participating and by building cool stuff, ROBLOX members can earn specialty badges as well as ROBLOX dollars (‚ÄúRobux‚Äù). In turn, they can shop the online catalog to purchase avatar clothing and accessories as well as premium building materials, interactive components, and working mechanisms.

#Roblox #foltyn",foltyn foltyn roblox roblox roblox foltyn foltyn family funny no swearing foltyn family roblox roblox foltyn family blade ball roblox blade ball foltyn blade ball whatever i google comes to life steal a brainrot foltyn and caylus playing roblox foltyn and caylus playing steal a brainrot whatever i google comes to life in steal a brainrot Steal A Brainrot But Anything I GOOGLE COMES TO LIFE..,20,2026-01-17T15:59:34Z,755244,21678,3423,US
McaD2PG8jOE,"Dolly Parton - Light of a Clear Blue Morning ft. Lainey Wilson, Miley Cyrus, Queen Latifah & Reba","‚ÄúLight of a Clear Blue Morning‚Äù by Dolly Parton featuring Lainey Wilson, Miley Cyrus, Queen Latifah and Reba McEntire. Also featuring David Foster on piano and Christ Church Choir on background vocals. https://dolly.lnk.to/LightOfAClearBlueMorning

All net proceeds from this recording and music video will benefit pediatric cancer research at the Monroe Carell Jr. Children‚Äôs Hospital at Vanderbilt in Nashville, TN. 

LYRICS:
It's been a long dark night
And I've been a waitin' for the morning
It's been a long hard fight
But I see a brand new day a dawning
I've been looking for the sunshine
You know I ain't seen it in so long
But everything's gonna work out just fine
And everything's gonna be all right
That's been all wrong

I can see the light of a clear blue morning
I can see the light of a brand new day
I can see the light of a clear blue morning
Everything's gonna be all right
It's gonna be okay

It's been a long long time
Since I've known the taste of freedom
And those clinging vines
That had me bound, well I don't need 'em, no
I've been like a captured eagle, you know an eagle's born to fly
Now that I have won my freedom, like an eagle I am eager for the sky

I can see the light of a clear blue morning
I can see the light of brand new day
I can see the light of a clear blue morning
Everything's gonna be all right
It's gonna be okay

Cause I can see the light of a clear blue morning
I can see the light of brand new day
I can see the light of a clear blue morning
Everything's gonna be all right
It's gonna be okay
Everything's gonna be all right
It's gonna be okay

Music video by Dolly Parton performing ‚ÄúLight of a Clear Blue Morning‚Äù ¬© 2026 Butterfly Records, LLC

FOLLOW DOLLY ON:
Instagram: https://dolly.lnk.to/DPInstagram
Facebook: https://dolly.lnk.to/DPFacebook
TikTok: https://dolly.lnk.to/DPTikTok
X: https://dolly.lnk.to/DPX
Threads: https://dolly.lnk.to/DPThreads
Substack: https://dolly.lnk.to/DPsubstack",,10,2026-01-16T05:00:07Z,1022509,43214,2541,US
MLiBRGtwYjs,roblox best gameplay,Roblox insane moment aura #roblox #shorts #usa,roblox granny free fire live roblox roblox shorts shorts feed 67 six seven meme reset singing brainrot song great meme reset,20,2026-01-18T01:26:14Z,145474,718,2,US
plbNzv3KvWs,Megan Moroney - Wish I Didn't (Official Video),"Official Video for ‚ÄúWish I Didn‚Äôt‚Äù by Megan Moroney 
Pre-Save + Pre-Order ‚ÄúCloud 9‚Äù the new album coming February 20: https://www.meganmoroney.com 

All Things Megan: 

Subscribe for Updates: https://meganmoroney.os.fan/ 
TikTok: https://meganmoroney.lnk.to/socials/tiktok 
Instagram: https://meganmoroney.lnk.to/socials/instagram 
Facebook: https://meganmoroney.lnk.to/socials/facebook 
Twitter: https://x.com/_megmoroney 
Visit Website: https://www.meganmoroney.com
Text Megan: +1 (404) 800-6373

Follow MoroneyHQ
Instagram: https://www.instagram.com/moroneyhq 
TikTok: https://www.tiktok.com/@moroneyhq 

Starring: Dylan Efron @dylanefron

Director: Lauren Dunn @laurenelizadunn
Creative Director: Cece Dawson @cece_dawson
Prod Co: PRETTYBIRD @prettybirdpic
Executive Producer: Candice Dragonas @candeeedragon
Producer: Megan Short @meganshorttt
Production Supervisor: Jack Willkomm @jack_willkomm
Prettybird Production Coordinator: Gabby Gammon @gabbygammon
Production Coordinator: Patrick Jamison @patrick.jamison
1st Assistant Director: Tim Kloete @timbokloete
Commissioner: Alexa Zeliger @lexdgr

Director of Photography: Gus Bendinelli @gbendinelli
Steadicam Operator: Larkin McLaughlin @larkinm7
1st AC: Josh Boyd @joshcboyd
2nd AC: Brooke Hamar @brooke_hamar
DIT: Armand Holmes @film4real
VTR: Owen Herndon @owen.w.herndon

Production Designer: Ana Coccioletti @awnah
Art Director: Ruby Guidara @ruby_guidara
Props: Matt Arn
Set Dresser: Dayson Ward @daysonzward 
Set Dresser: Ron Neal @ronnienealll 
Art PA: Arlie Burket

Gaffer: Mike Gipson @mikeyg09
Best Boy Electric: Patrick Strunk
2nd Electric: Duke Moosbrugger @duke_135
3rd Electric: Mike Beatty 
Key Grip: Nathan Hughes
Best Boy Grip: Nancie Kang
2nd Grip: Luke Cauthern @ninjagrip
3rd Grip: Davaughn Williams @davaughn.williams
Swing: Luke Lamar @luke._lamar

MM Stylist: Lindsey Dupuis @lindseydupuis
MM Makeup: Jessica Candage @jessicacmua
MM Hair: Jessica Miller @jessicamillerhair
BTS: Carly Sharp @carlyjeansharp
Social Media: Charlie Hall
Manager: Hayley Corbett @hayleycorbett
_

Stylist: Morgan Willkomm @Morgan_Willkomm
Wardrobe Assistant: Claire Andrews @clairandrews91
Makeup: Amanda Dixon @amandasalinasdixon 
Hair: Ryin Overton @ryinbeauty

Truck PA: Brandon Carpenter
Production Assistant: Alex Strobel @thealexstrobel
Production Assistant: John Mactavish @johndeclanmactavish
Production Assistant: Kennedy Martin @thekennedymartin (unsure)
Production Assistant: Garrett Schnabel
Crafty: Kyle Bryant
Set Medic: Amy Neufeld

Interrogation Guy: Brandon Lee
Agent: Gary Willis
Agent: Corwin Hammond
Catering: M&M Catering 
Picture Cars: Classic Ford Broncos @classicfordbroncos 

Post Production: 
Edit House: Work Editorial @workeditoriaL
Editor: Sebastian Zotoff @seabass.mov
Producer: Mia Cucufate

VFX: Forms @Forms__

Color: Apollo Post @apolloposthouse
Colorist: Avery Niles @avery_niles

#MeganMoroney #WishIDidnt #Cloud9",wish didnt megan moroney wish didnt dylan efron dont make me wish didnt megan moroney cloud megan moroney cloud megan moroney new album megan moroney megan moroney months later months later six months later megan moroney six months later what doesn't kill you calls you six months later let me se you the scene megan moroney man on the moon megan moroney am ok megan moroney tennesee orange man on the moon am ok tennesee orange,10,2026-01-16T05:00:06Z,318221,10589,927,US
9SyPAlYvtu8,Something Happened On Christmas Eve‚Ä¶,"CaseOh X Starforge  https://starforgepc.com/CaseOh 
GamerSupps -10% off Code CaseOh -  https://gamersupps.gg/
Merch - https://caseohgames.com/
Cheeky - https://usecheeky.com/
Kitty Thumbsticks - https://kontrolfreek.pro/CaseOh
BTV - http://btvcomic.com/caseoh
_________________________________________________________________

Join this channel to get access to uploads with no blurs or mutes:
https://www.youtube.com/channel/UC63anZxfVGHUEmfBAf5w7pw/join
________________________________________________________________
Follow üëá
Twitch üé• https://www.twitch.tv/caseoh_
MoreCaseOh YT üì∫  https://www.youtube.com/@MoreCaseOh
TikTok - https://www.tiktok.com/@caseohgames 
X - https://x.com/CaseOh__
Instagram - https://www.instagram.com/caseoh_games
Discord - https://discord.gg/caseoh
_________________________________________________________________",gaming caseoh caseohgames case funny streamer horror horror gaming scary jumpscare,20,2026-01-17T23:00:12Z,205602,7210,576,US
YTDfOe_6Xtw,Finesse2Tymes - Discernment [Official Music Video],"FOLLOW FINESSE2TYMES
Instagram: https://Finesse2Tymes.lnk.to/Instagram
TikTok: https://Finesse2Tymes.lnk.to/TikTok
Twitter: https://Finesse2Tymes.lnk.to/Twitter
Facebook: https://Finesse2Tymes.lnk.to/Facebook
Discord: https://finesse2tymes.lnk.to/Discord

SUBSCRIBE TO FINESSE2TYMES YOUTUBE
https://Finesse2Tymes.lnk.to/Youtube

LISTEN TO FINESSE2TYMES
Apple: https://Finesse2Tymes.lnk.to/AppleMusic
Spotify: https://Finesse2Tymes.lnk.to/Spotify
Amazon: https://Finesse2Tymes.lnk.to/Amazon
Soundcloud: https://Finesse2Tymes.lnk.to/SoundCloud
Audiomack: https://Finesse2Tymes.lnk.to/Audiomack
 
The official YouTube channel of Finesse2Tymes. Subscribe for the latest music videos, performances, and more.",Finesse2Tymes Finesse 2 Tymes Finesse 2Tymes Finesse2Times Finesse 2 Times Finesse 2Times Finesse Two Tymes 1finesse2tymes Moneybagg Yo Bread Gang J Prince Mob Ties back end it's cool when they do it its cool when they do it it's a problem when I do it its a problem when I do it luv n hip hop tiktok,10,2026-01-16T16:51:48Z,137203,7577,831,US
bvlH_C6tGzQ,HARDCORE MINECRAFT can't make me quit,"Enjoy!

Twitter - https://twitter.com/Jev
Twitch - http://www.twitch.tv/Jev
Instagram - http://instagram.com/mrjeverson#

GET GFUEL HERE WITH MY LINK :)
USE CODE 'JEV' AT CHECKOUT FOR A DISCOUNT
https://www.gfuel.com/JEV

STEELSERIES HEADSETS/MICE/KEYBOARDS/ACCESSORIES
USE CODE 'JEV12' FOR 12% OFF
https://steelseries.7eer.net/k9RZ3

JOIN THE CHANNEL AS A MEMBER
https://www.youtube.com/channel/UC7trU46U_9XPDtMnDbiDPUQ/join",FaZe Jev FaZeClan FaZeJev FaZe Jev MINECRAFT HARDCORE MINECRAFT JEV HARDCORE MINECRAFT JEV MINECRAFT FUNNY MOMENTS RAGE JEV RAGE FIRST TIME MINECRAFT FIRST TIME HARDCORE MINECRAFT HOW TO BUILD NETHER PORTAL NETHER PORTAL BUCKET JEV NETHER PORTAL,20,2026-01-18T00:56:18Z,249555,20936,1401,US
iCvTrCngwQE,STAY HERE 4 LIFE,"Provided to YouTube by A$AP Worldwide/RCA Records

STAY HERE 4 LIFE ¬∑ A$AP Rocky

Don't Be Dumb

‚Ñó 2026 A$AP Rocky Recordings LLC

Released on: 2026-01-16

Associated Performer: A$AP Rocky
Lyricist, Composer: Rakim Mayers
Producer: N/A

Auto-generated by YouTube.",A$AP Rocky „Ç®„Ç§„Çµ„ÉÉ„Éó„É≠„ÉÉ„Ç≠„Éº Don't Be Dumb STAY HERE 4 LIFE,10,2026-01-16T05:44:23Z,535619,23965,436,US
tfXiB3WA5LI,Game Theory: The Prototype Is Poppy?,"*Shop the LIMITED EDITION Poppy Playtime‚Ñ¢ Prototype Tee here!* ‚ñ∫ https://www.theoryverse.store/products/ppt-prototype-tee?variant=52421229478185

I have SOLVED who Poppy Playtime‚Äôs Prototype really is‚Ä¶for real this time! Mob released a few new teasers and I noticed one small detail that completely changed my understanding of this franchise's most mysterious character, Experiment 1006, the Prototype. So put on your trusty Grab Pack, theorists, because it‚Äôs time to launch ourselves into this theory!
The game ‚ñ∫ https://store.steampowered.com/app/4100940/Poppy_Playtime__Chapter_5
‚Äê‚Äê‚Äê‚Äê‚Äê‚Äê‚Äê‚Äê‚Äê‚Äê‚Äê‚Äê‚Äê‚Äê‚Äê‚Äê‚Äê‚Äê‚Äê‚Äê‚Äê‚Äê‚Äê‚Äê‚Äê‚Äê‚Äê‚Äê‚Äê‚Äê‚Äê‚Äê‚Äê‚Äê‚Äê‚Äê‚Äê‚Äê‚Äê‚Äê‚Äê‚Äê‚Äê‚Äê‚Äê‚Äê‚Äê‚Äê‚Äê‚Äê
*Credits:* Writers: Tom Robinson, Jessica Tocci Editors: Jerika, Alex ""Sedge"" Sedgwick, Koen Verhagen Sound Designer: Yosi Berman
‚Äê‚Äê‚Äê‚Äê‚Äê‚Äê‚Äê‚Äê‚Äê‚Äê‚Äê‚Äê‚Äê‚Äê‚Äê‚Äê‚Äê‚Äê‚Äê‚Äê‚Äê‚Äê‚Äê‚Äê‚Äê‚Äê‚Äê‚Äê‚Äê‚Äê‚Äê‚Äê‚Äê‚Äê‚Äê‚Äê‚Äê‚Äê‚Äê‚Äê‚Äê‚Äê‚Äê‚Äê‚Äê‚Äê‚Äê‚Äê‚Äê‚Äê
Need Royalty Free Music for your Content? Try Epidemic Sound.Get Your 30 Day Free Trial Now ‚ñ∫ http://share.epidemicsound.com/MatPat
‚Äê‚Äê‚Äê‚Äê‚Äê‚Äê‚Äê‚Äê‚Äê‚Äê‚Äê‚Äê‚Äê‚Äê‚Äê‚Äê‚Äê‚Äê‚Äê‚Äê‚Äê‚Äê‚Äê‚Äê‚Äê‚Äê‚Äê‚Äê‚Äê‚Äê‚Äê‚Äê‚Äê‚Äê‚Äê‚Äê‚Äê‚Äê‚Äê‚Äê‚Äê‚Äê‚Äê‚Äê‚Äê‚Äê‚Äê‚Äê‚Äê‚Äê
#PoppyPlaytime #MobEntertainment #Theory #GameTheory",,20,2026-01-17T18:05:00Z,563436,32374,1663,US
byUq-3IAP8E,LAJA - FIVESEVEN (Video Oficial) Shot.by@checkthefootage #spanishdrill,BABY SHARK TURUTUTUüëπ,,24,2026-01-17T21:00:07Z,97475,13618,1232,US
z_9YQ-5eh_c,JeraiCathy Live Stream,#roblox #live #shorts,,20,2026-01-17T15:18:33Z,2777316,6588,79,US
vORuXvy0S_s,Ice Spice - Big Guy (Lyrics),"üéµ Follow the official 7clouds playlist on Spotify : http://spoti.fi/2SJsUcZ
‚Äãüéß Ice Spice - Big Guy (Lyrics)
‚è¨ Download / Stream: https://IceSpice.lnk.to/BigGuy
üîî Turn on notifications to stay updated with new uploads!

‚ù§Ô∏è Follow our Spotify playlists: http://bit.ly/7cloudsSpotify
üí™ Workout Music: http://workout.7clouds.link
üéÆ Gaming Music: http://gaming.7clouds.link
üåç Best Pop Music: http://pop.7clouds.link
ü§¨ Hardstyle Music: http://hardstyle.7clouds.link
ü•Å Drum & Bass: http://dnb.7clouds.link
üîä Hypertechno: http://techno.7clouds.link
üò° Phonk Music: http://phonk.7clouds.link
‚òÅÔ∏è 7clouds Releases: http://release.7clouds.link

üëâ Ice Spice
https://x.com/icespicee_
https://instagram.com/icespice

‚òÅÔ∏è 7clouds:
https://open.spotify.com/user/7cloudsmusic
https://soundcloud.com/7cloudsmusic
https://audiomack.com/7cloudsmusic
https://facebook.com/7cloudsofficial
https://discord.com/invite/d5Arh8Y
https://twitter.com/7cloudsmusic
https://instagram.com/7clouds
https://tiktok.com/@7clouds
https://7clouds.org

.........
üé§ Lyrics: Ice Spice - Big Guy 

[Intro]
Grrah
(Stop playin' with 'em, RIOT)

[Chorus]
Big guy, big guy, big-big guy, big guy
SpongeBob, big guy pants, okay (Grrah)
SpongeBob, big guy pants, okay (Grrah)
Big guy, big guy, big-big guy, big guy, grrah
SpongeBob, big guy pants, okay (Grrah)
SpongeBob, big guy pants, okay

[Post-Chorus]
Off the wake up, I'm feelin' my best (Like)
I bend over, I do my lil' stretch (Like)
Ain't a jellyfish, but I'm the catch (Like)
Feel like that fish, so I'm pumpin' my chest (Grrah)
I blow bubbles so big like Mrs. Puff (Grrah)
I be locked in, like, no, this isn't luck (Grrah)
Eatin' fancy, like, no, this isn't chum (Grrah)
With my bestie, like everything fun (Grrah, grrah, grrah)

[Chorus]
Big guy, big guy, big-big guy, big guy
SpongeBob, big guy pants, okay (Grrah)
SpongeBob, big guy pants, okay (Grrah)
Big guy, big guy, big-big guy, big guy
SpongeBob, big guy pants, okay (Like)
SpongeBob, big guy pants, okay

[Verse]
Big things 'bout to happen today
I woke up feelin' a brand new way
Facin' the world in a brand new way
SpongeBob, big guy pants, okay
Tight fit, square hips
Doin' a dance in my big guy pants
The baddest, the top of the list, I am
And all my pearls, they came fresh out a clam

[Chorus]
Big guy, big guy, big-big guy, big guy
SpongeBob, big guy pants, okay (Grrah)
SpongeBob, big guy pants, okay (Grrah)
Big guy, big guy, big-big guy, big guy
SpongeBob, big guy pants, okay (Like)
SpongeBob, big guy pants, okay

[Post-Chorus]
Off the wake up, I'm feelin' my best
Big things 'bout to happen today (Like)
I bend over, I do my lil' stretch
I woke up feelin' a brand new way (Like)
Ain't a jellyfish, but I'm the catch
Facin' the world in a brand new way (Like)
Feel like that fish, so I'm pumpin' my chest
SpongeBob, big guy pants, okay

[Chorus]
Big guy, big guy, big-big guy, big guy
SpongeBob, big guy pants, okay (Grrah)
SpongeBob, big guy pants, okay (Grrah)
Big guy, big guy, big-big guy, big guy
SpongeBob, big guy pants, okay (Like)
SpongeBob, big guy pants, okay

.........
üìß Contact / Demo Submissions: contact@7clouds.org
.........
üíå Demos / Music Submissions: https://7clouds.portal.district.biz
.........

#icespice #bigguy #lyrics #7clouds",big guy big guy lyrics lyrics big guy ice spice lyrics ice spice big guy big guy ice spice ice spice big guy lyrics lyrics ice spice big guy ice spice lyrics ice spice lyrics big guy big guy lyrics ice spice lyrics big guy ice spice big guy ice spice lyrics Big guy big guy big-big guy big guy SpongeBob big guy pants okay Big guy big guy big-big guy ice spice big guy song ice spice sponge bob ice spice sponge bob song sponge bob movie song music hits songs,10,2026-01-16T13:44:37Z,732552,5321,367,US
jEt2BEVyfxU,The Best Video of 2026 Is Already Here,"SUBSCRIBE TO LOOPY ‚ñ∫ @imagoloopy 
https://www.youtube.com/watch?v=6VgyUxcYVIs

follow me on twitter: https://twitter.com/LudwigAhgren
main channel: https://youtube.com/user/MrAndersLa

VOD: www.youtube.com/watch?v=VIlYLXuHyaA
edited by: https://twitter.com/ianfml
#ludwig‚Äã #stream‚Äã #clips",ludwig twitch clips,20,2026-01-17T20:00:29Z,246422,10424,350,US
lnNevHkIHlk,Grupo Firme - Grupo Recluta - Se Fue La Pantera  (Letra),"‚ú®¬°Gracias por ver el video! Espero que te haya gustado!‚ú®üé∂

‚û• Nuestra Playlist! de Youtube!:

üîî No olvides activar las notificaciones para estar al tanto de futuros v√≠deos.üîä 
‚û°Ô∏è Recuerda ver el v√≠deo oficial por aqu√≠:

https://youtu.be/5mqc64IWX2w?si=3_xhQftRdwNVkgvd

üìù Aqu√≠ te dejo la letra/lyrics:üóí


lyrics

se fue la pantera
grupo recluta
con los firmes, compa
j√°lese, viejones, dice
j√°lese, compa neto
as√≠ suena la indicada, viejo, uah
qu√© suene bonito, viejo, auh
salucita, compadre
v√°mosle, compa manuel√≥n
yeah
y suena
ser√≠a por miedo
a√∫n queda la duda de lo que hicieron
y si contest√≥ la rosita al fuego
rosario, el nombre del hombre que se fue
y de negro, como la pantera que
portaba en la cintura siempre con √©l
era su fiel compa√±era
cachas rosas, la pantera
me toc√≥ mirarlo
suerte que viv√≠ para platicarlo (uah)
a los doce empez√≥ tirando barrio
para los trompos fue bronco y era un cabr√≥n
le sac√≥, varios hocicos revent√≥
de la escuela la √∫ltima vez se brinc√≥
dijo, ""no voy a hacerme rico
trabajando de ocho a cinco""
√©chele, banda
en aquel bulevar se salv√≥ el nissan
pues tir√≥ a rematar, ah√≠ va montserrat
rosario baj√≥ tirando del pathfinder
para que no fueran a darle
a su ni√±a aquellos cobardes
y porque vivir en este mundo es caro
pero incluye viaje gratis, viejo
puro recluta
por la misma ruta con los firmes, viejo
ah-jay
arriba tijuana y mexicali, chingado
uah
ah√≠ nom√°s (ah, ja, ja, ja)
fue lluvia de balas
se fue la pantera muy a la mala
hoy se encuentra en jardines del humaya
rezan por √©l una madre y su mujer
una ni√±a le llora al retrato de √©l
""papi, s√© que me escuchas, soy tu beb√©""
cuarenta balas no eran nada
para el miedo que le cargaban
vivi√≥ la vida a su modo, as√≠ le gust√≥
dos d√≠as antes de su muerte festej√≥
su cumplea√±os, y dijo alegre al brindar
""le pido perd√≥n a la vida
si me fui sin avisar""
se fue la pantera
ah√≠ qued√≥, para ti compadre
se fue la pantera
con los firmes, grupo recluta
uh
se va
puro music vip
yeah
ah√≠ nom√°s



#grupofirme  #gruporecluta  #sefuelapantera #letra #BigSound",musica en tendencia viral musica lyrics musica subtitulada corridos musica mexicana reguenton urbano trap,10,2026-01-12T19:39:45Z,254683,498,1,US
ZdXTPqQu6GM,MR - Marvel Rivals Shenanigans,"Ye Shunguang is here! Join me in playing Zenless Zone Zero V2.5 for free: https://hoyo.link/hqBJrXhpO  Use code ZZZ25VOIDHUNTERRISES for 60 Polychromes and 6,666 Dennies. 
Thanks to Zenless Zone Zero for sponsoring this video. #zzzero #VoidHunterRises #YeShunguang #Zhao

Stay away, John Algo. This video is protected by the power of artistic integrity.

Thumbnail Artist: @KrookedGlasses 

Gamers:
@Thatsthemixup 
@IHeartJustice 
@PaperBoxHouse 
@PringusMcDingus 
@DWedge 
@skeleharpy 
@Andrethest 
@Shoyoumomo 
@HarryBook 
@Lilithvoid
@DoovadHohdan 
@Xanfel 
@DTDraws
@BeanyBomber
@Bluto
@BotanicSage 
@LUvvUcy 
@Dustco
@skullvolver 
@bimtenvt 
@Quesadilla
@Dyvone 
@NormieMcgeeVods 
@Mhuyo
@Berd 
@Zanzaken 
@TaiCheesy 
@Persia_xo 
lmfao I forgot to credit @HeavenlyyFather IM SRY

Subtitles:
@EmeraldDemond 

Co-Editor:
@Wergle028 

Spider-Man Tutorial Clips:
@HarryBook 

Models/Rigging:
@ParametricAvocado 
@KylieStylish

Artists:
@spinny_motion 
@Chipiroooou
@sonicjeremysstreamarchive5262 
@Mhuyo
@Emycelia 
@mocobandit
@DTDraws
@skeleharpy 
@KrookedGlasses 
@buggle
@shews
@PringusMcDingus 
@TheMangoPup 
@keyshaung 
@kajiilitz 
@smashhack9853 
@EpicScoutTheBunnyLord 

Modder:
@XenoVT

Music:
Avenging Spider-Man - @benbriggsmusic 
Grand Central Cover - @nokbient 

Spider-Ocean-Man - @benbriggsmusic & @nokbient 

Spider-Man G-Mix & Come Closer G-Mix - @gvgkid 
https://www.youtube.com/watch?v=MuJhavWLBE4
https://www.youtube.com/watch?v=xfEsL2Kky6s

Animators:
@SouljenX7 
@spinnymotion 
@SarpSerter 
@Burd_Bones 
@ItzDatArtist 
@Tcoolgames 
@TopSpinTheFuzzy 
@Tik115 
@Daitomodachi 
@DoobusGoobus 
@ParametricAvocado 
@ensunmada 
@KrookedGlasses 
@DoovadHohdan 
@SilentManJoe 
@BluperVillain 
@eisenbrave 
@tickleson8661 
@StrayScythe 
@facuB 
@redminus 
@vippori 
@rechiru 
@Krunkidile 

If I screwed up any credits or forgot anyone please @ me on twitter or bluesky so I can fix it!!!",Lythero Shenanigoons,20,2026-01-16T23:59:31Z,1051637,86430,8491,US
5kpiZr3tTgg,Monsters,"Provided to YouTube by The Orchard Enterprises

Monsters ¬∑ Joyner Lucas ¬∑ Gary Lucas

Monsters

‚Ñó 2026 Twenty Nine Music Group Distributed by Tully

Released on: 2026-01-16

Producer: Aukoustics
Producer: Digital Farm Animals
Producer: Matt Zara
Producer: BullySongs
Producer: Reece Bullimore
Producer: David Saint Fleur
Music Publisher: Reservoir

Auto-generated by YouTube.",Joyner Lucas Gary Lucas Monsters,10,2026-01-15T10:00:18Z,251358,12162,329,US
Y10O6SX8Iow,You won't believe this.. even I don't,"‚ñ∫ Asmongold's Twitch: https://www.twitch.tv/zackrawrr
‚ñ∫ Asmongold's X: https://x.com/asmongold
‚ñ∫ Asmongold's Kick: https://kick.com/asmongold
‚ñ∫ Asmongold's Sub-Reddit: https://www.reddit.com/r/Asmongold
‚ñ∫ Asmongold's VOD Rerun Channel: https://www.twitch.tv/asmongold247

Channel Editors: CatDany & Daily Dose of Asmongold
If you own the copyright of content showed in this video and would like it to be removed:
https://x.com/CatDanyRU
https://x.com/DAsmongold",asmongold asmongold reacts asmongold wow asmongold highlights asmongold youtube world of warcraft asmongold funny asmongold tv asmongold channel zackrawrr,20,2026-01-17T13:01:06Z,630919,21910,6666,US
H88I15Zi8Iw,Vicente Fern√°ndez - Ac√° Entre Nos (Letra/Lyrics),"Vicente Fern√°ndez - Ac√° Entre Nos (Letra/Lyrics)
Vicente Fern√°ndez - Ac√° Entre Nos

Artist Socials:
Spotify: https://open.spotify.com/artist/4PPoI9LuYeFX8V674Z1R6l?si=ef871c7b4f874886

S√≠guenos en nuestras redes sociales:  
üì∏ Instagram: https://www.instagram.com/ultimosombrero/
üé• TikTok: https://www.tiktok.com/@ultimosombrero
üì∫ YouTube: https://www.youtube.com/@UltimoSombrero
üéß Spotify: https://open.spotify.com/user/316ilpbq5dpx24lmgxbpp5ehkrpe?si=1cbd11bc0d924322&nd=1&dlsi=8a31426f5acf451c


#VicenteFern√°ndez
#regionalmexicano
#musicaregional
#regionalmexican",Ac√° Entre Nos Vicente Fern√°ndez Vicente Fern√°ndez Ac√° Entre Nos Ac√° Entre Nos letra Ac√° Entre Nos lyrics Vicente Fern√°ndez letra Vicente Fern√°ndez lyrics letra Ac√° Entre Nos lyrics Ac√° Entre Nos musica regional musica regional mexicana exitos regional Regional Mexicano Regional Mexican ranchera mariachi cl√°sico mexicano m√∫sica mexicana Vicente Fern√°ndez Ultimo Sombrero √öltimo Sombrero chente exitos chente,22,2026-01-10T18:00:19Z,253709,471,5,US
wpvcvEamsFg,ALGS Year 5 Championship | Day 4 Grand Finals | Apex Legends,"Welcome to Day 4 of the ALGS Year 5 Championship, THE GRAND FINALS! The BEST 20 teams from around the world will compete through our Match Point Format to find out who is your ALGS Year 5 CHAMPION.

‚ñ∂ Schedule for Grand Finals, Sunday January 18th, 2026: 

‚ñ∂ 12:00PM JST: Opening Ceremony

‚ñ∂ 12:30PM JST: Match Point Finals

Compete in the Apex Legends Global Series: https://www.ea.com/games/apex-legends/compete

FACEIT Watch is the official multiview streaming platform of the ALGS! Follow the action with up to four team POVs: https://fce.gg/algs-watch

Subscribe now: https://www.youtube.com/playapexesports?sub_confirmation=1

Follow the Apex Legends Global Series on socials for more action: 

Twitter: https://twitter.com/PlayApexEsports

#algs #apexlegends #apex",Algs apex legends apex legends tournament apex tournament apex apex legends global series algs apex apex algs apex legends algs apex global series algs apex legends apex esports apex legends esports apex algs esports algs tournament algs pro league „ÅÆÊúÄÈ´ò„ÅÆÁû¨Èñì apex legends apex gameplay algs legends compilation algs championship algs tsm imperialhal iitztimmy apex pro scene algs year 5,20,2026-01-18T09:45:27Z,345430,4842,63,US
PCA7eHiZNF8,42 Dugg - IDB (Official Video),"Pre-Save ""Part Three"": https://www.42duggmusic.com
Stream """"IDB"""": https://42dugg.lnk.to/IDB

Follow 42 Dugg: 
https://www.instagram.com/42_dugggg/
https://x.com/42_Dugg

#42dugg #IDB #Part3

Music video by 42 Dugg performing IDB.¬© 2025 CMG/Interscope Records",42 Dugg 4PF/CMG/Interscope Records Hip Hop we not done 42 dugg 42 dugg we not done we not done 42 we not done 42dugg dugg 42 42 dug 42 dugg new song new 42 dugg we ain't done 42 dugg 42 dugg not done not done 42 dugg 42 dugg new album 43 dugg dugg we're not done 42 dugg 2025 42 doug,10,2026-01-16T18:00:32Z,215948,6481,325,US
b2R2X_IrCeQ,Starting Over But You Can BUY Custom Tracks...,"Join My Roblox Group!
https://www.roblox.com/groups/3304336...

Socials: https://solo.to/techys

#Roblox",,20,2026-01-17T16:00:51Z,473635,8107,1553,US
