video_id,title,description,tags,category_id,published_at,view_count,like_count,comment_count,region
7sxVHYZ_PnA,Harry Styles - Aperture (Official Video),"Official Video for â€œApertureâ€ by Harry Styles 
Harryâ€™s new album â€œKiss All The Time. Disco, Occasionally.â€ is available March 6th: https://hstyles.lnk.to/storeID 

YouTube: https://hstyles.lnk.to/Aperture/YouTube 
Amazon Music: https://hstyles.lnk.to/Aperture/AmazonMusic 
Apple Music: https://hstyles.lnk.to/Aperture/AppleMusic 
Deezer: https://hstyles.lnk.to/Aperture/Deezer 
iTunes: https://hstyles.lnk.to/Aperture/iTunes 
Pandora: https://hstyles.lnk.to/Aperture/Pandora 
SoundCloud: https://hstyles.lnk.to/Aperture/SoundCloud  
Spotify: https://hstyles.lnk.to/Aperture/Spotify 
YouTube Music: https://hstyles.lnk.to/Aperture/YouTubeMusic 

Follow Harry Styles 
Instagram: https://hstyles.lnk.to/follow/instagram 
Facebook: https://hstyles.lnk.to/follow/facebook 
YouTube: https://hstyles.lnk.to/follow/youtube 

Follow HSHQ: 
Instagram: https://HStyles.lnk.to/HSHQIG 
TikTok: https://HStyles.lnk.to/HSHQTT 
SMS/WhatsApp: https://HStyles.lnk.to/HSHQWA 

Credits 
Written and Directed by Aube Perrie 
Produced by DIVISION 
Creative Director: Molly Hawkins  
Choreographer: Ryan Heffington 
Division MD/EP: Elena Argiros 
Division Co-Founder: Jules de Chateleux 
Division Producer: Elena Argiros 
 LFR EP/Producer: Luigi Rossi 
LFR EP/Producer: Francesco Rizzo 
Producer/Commissioner: Bryan Younce 
Management: Full Stop Management 
 
DOP: Chris Ripley 
Editor: Gwen Ghelid 
1st AD: Boma Pennebaker 
Stunt Coordinator: Stephen Dunlevy 
Stunt Performer - The Stranger: Kyle Soderman 
Stunt Performer - The Stranger: Pasha Petkun 
Stunt Performer - Harry: LJ LaVecchia 
Stunt Performer - Harry: Will Greenburg 
Dancer - The Stranger: Danny Dolan 
Production Designer: Patience Harding 
SFX Artist: Chelsea Delfino 
Artist Stylist: Harry Lambert 
Costume Designer: Lindsey Hartman 
VFX Creative Director: John Leonti 
Senior Colorist: Mikey Pehanich 
Sound Designer: Mark Hellaby 
Location Manager: Matt Stevens
 
Production Service: LFR Productions
Production Supervisor: Laura Goldenstein
Production Coordinator: Daphne Lucas
Casting Director: Allison Twardziak 
 
2nd AD: Kendall Wilmot
1st AC A-Cam: Jacob Perry 
2nd AC A-Cam: McKay Todd 
Cam Op B-Cam: Adam Hull 
1st AC B-Cam: Connor Lambert 
2nd AC B-Cam: Will Hecht
Steadicam: Jose Espinoza 
Sound Mixer: Brendan Beebe
Boom Op: Juan Cisneros 
VTR: Angel Cifuentes
Gaffer: Mathias Peralta 
Key Grip: Matt Planer 
Stunts: Action Factory 
Choreographerâ€™s Assistant: Josh Lamb 
 
Art Coordinator: Megan Mantia 
Set Decorator: Caroline Jackson 
Prop Master: Marcy Silver 
Artist Skin: Dotti 
Artist Hair: Matt Mullhall 
Make Up Assistant: Brittany Turpen 
Hair: Rheanne Garcia 
Hair Assistant: Patrick Kilian White 
Hair Assistant: Teresita Mariscal 
 
VFX: Arc Creative 
Editing: Collectiv 
Color: Royal Muster 
Sound: 750mph 
Producer: Carla Thomas
Film Processing: Fotokem

#HarryStyles #KissAllTheTimeDiscoOccasionally #Aperture",Harry styles aperture aperture official video harry styles music video aperture official music video harry styles aperture let the light in we belong together harry styles we belong together together together harry styles together together harry styles lyrics harry styles new music video harry styles tour harry styles music new harry styles new harry styles song kiss all the time disco occasionally kiss all the time disco occasionally hs4,10,2026-01-23T17:00:07Z,7770801,456156,27535,US
G1l_yUbex0g,Belly Gang Kushington - Rent Due (Official Music Video),"Belly Gang Kushington - Rent Due (Official Music Video)
Listen/Download: https://ffm.to/streetsisyoursreup

Subscribe for more official content from Belly Gang Kushington :
https://www.youtube.com/@UCxw78-TUwaA2xqQkmjVHGLw 

Follow BellyGang Kushington:
https://www.instagram.com/bellygangkushington/
https://twitter.com/bellygangkush
https://www.tiktok.com/@bellygangkush

#BellyGangKushington #RentDue #TheStreetsIsYours",belly gang Kushingon Wafi belly gang Young thug YKNiece Belly gang Kushington YKNiece friend do remix Friend do remix Geeked up looking for an eater Belly gang Kushington the streets is yours Rap music Atlanta Lil baby 21 savage Future Belly gang kush Bendadonnn Reggie stream Viral TikTok Belly gang dad Belly gang Wafi belly gang pig latin belly gang kush benadadonn belly gang kushington bendadonnn friend do yk friend do belly gang Belly Gang Lyrics,10,2026-01-23T18:00:07Z,181010,9410,477,US
4kPt2x3_bIw,Montana 700 - On The Road [Official Video],"The official video for Montana 700's ""On Road""

Follow Montana 700:
https://www.instagram.com/montana.700

#Montana700 #OnRoad #OfficialVideo",Montana700 Montana 700 montana700 montana 700 montana 700 dallas texas dallas rapper mr pipeline montana.700 the last don THE LAST DON montana700 new music montana 700 new music hip hop rap montana 700 the greatest of all traps new dallas Montana 700 - Chains On [Official Video] montana 700 chains on chains on montana 700 chains on chains on,10,2026-01-24T21:35:41Z,59086,3781,209,US
Xs31-zaz5dc,Neton Vega - Pvta Luna (Video Oficial),"Provided to YouTube by JosaRecords

Pvta Luna Â· Neton Vega

â„— 2026 JosaRecords

Released on: 2025-09-26
Live Video: 2026-01-23

Producer: Luis Ernesto Vega Carvajal 
Producer: Jesus Josafat Chavez Angulo
Producer: L Prince 
Producer: Edgar Barrera
Lyricist: Luis Ernesto Vega Carvajal
Lyricist: Edgar Barrera

#NetonVega #JosaRecords Â· PvtaLuna

Spotify
https://open.spotify.com/intl-es/album/0Cw2JMk1YfzkuXk7B1yBYa

Instagram
https://www.instagram.com/net0n__
https://www.facebook.com/NetonVegaOficiall",Corridos gallos y caballos hollywood el 3 yo vengo de la nada on d gas el mayor de los ranas gervonta con todo respetillo primo amiri santal 33 el gabacho ya fui negro ya fui blanco mr internacional Canciones loco 7 dias te queria ver rosones pika pika nadie me jalo dos dias amapola mi vida mi muerte tu boda 5-7 bandida ese vato no te queda el lokeron escapate morena canela la patrulla todo a su tiempo linda pvta luna canasteo turistico neton vega,10,2026-01-24T01:00:06Z,719992,9846,356,US
ryboH5N0lC8,Ice Spice - Big Guy (Lyrics) | The SpongeBob Movie: Search for SquarePants,"Ice Spice - Big Guy (Lyrics)
(from ""The Spongebob Movie: Search For Squarepants"" soundtrack)

Lets Support & Follow Ice Spice:
Instagram: https://www.instagram.com/icespice
Twitter: https://twitter.com/icespicee_
Tiktok: https://www.tiktok.com/@icespicee
Youtube: https://www.youtube.com/channel/UCJTqwQj5iTHYrko04PbGI9w

#BigGuy #IceSpice #SpongeBob #SBSP #Lyrics #Tiktokhymn

Lyrics:
Ice Spice 
""Big Guy""
(from ""The Spongebob Movie: Search For Squarepants"" soundtrack)

Grrah
Stop playing with 'em, Riot

Big guy, big guy, big, big guy, big guy
SpongeBob, big guy pants, okay (Grrah)
SpongeBob, big guy pants, okay (Grrah)
Big guy, big guy, big, big guy, big guy, grrah
SpongeBob, big guy pants, okay (Grrah)
SpongeBob, big guy pants, okay

Off the wake up, I'm feelin' my best (Like)
I bend over, I do my lil' stretch (Like)
Ain't a jellyfish, but I'm the catch
Feel like that fish, so I'm pumpin' my chest
I blow bubbles so big like Mrs. Puff
I be locked in, like no, this isn't luck
Eatin' fancy, like no, this isn't chump
With my bestie, like everything fun

Big guy, big guy, big, big guy, big guy
SpongeBob, big guy pants, okay (Grrah)
SpongeBob, big guy pants, okay (Grrah)
Big guy, big guy, big, big guy, big guy
SpongeBob, big guy pants, okay
SpongeBob, big guy pants, okay

Big things 'bout to happen today
I woke up feelin' a brand new way
Facin' the world in a brand new way
SpongeBob, big guy pants, okay
Tight fit, square hips
Doin' a dance in my big guy pants
The baddest, the top of the list, I am
And all my pearls, they came fresh out a clam

Big guy, big guy, big, big guy, big guy
SpongeBob, big guy pants, okay (Grrah)
SpongeBob, big guy pants, okay (Grrah)
Big guy, big guy, big, big guy, big guy
SpongeBob, big guy pants, okay
SpongeBob, big guy pants, okay

Off the wake up, I'm feelin' my best
Big things 'bout to happen today
I bend over, I do my lil' stretch
I woke up feelin' a brand new way
Ain't a jellyfish, but I'm the catch
Facin' the world in a brand new way
Feel like that fish, so I'm pumpin' my chest
SpongeBob, big guy pants, okay

Big guy, big guy, big, big guy, big guy
SpongeBob, big guy pants, okay (Grrah)
SpongeBob, big guy pants, okay (Grrah)
Big guy, big guy, big, big guy, big guy
SpongeBob, big guy pants, okay
SpongeBob, big guy pants, okay

ğŸ“· Image/Wallpaper Source: Unsplash.com

ğŸ™ğŸ’ŸShow some love to TikTokHymn by hitting the SUBSCRIBE button and click the bell ğŸ”” to be notified of new upload

ğŸ“‘Tags:
Big guy Ice Spice, big guy, Ice Spice Big Guy,
Big guy Sponge bob square pants,
Big guy Ice Spice lyrics, big guy lyrics, Ice Spice Big Guy lyrics,
Big guy Sponge bob square pants soundtrack lyrics,
Big guy Ice Spice SpongeBob square pants soundtrack, big guy SpongeBob square pants soundtrack, Ice Spice Big Guy SpongeBob square pants soundtrack,",Big guy Ice Spice big guy Ice Spice Big Guy Big guy Sponge bob square pants Big guy Ice Spice lyrics big guy lyrics Ice Spice Big Guy lyrics Big guy Sponge bob square pants soundtrack lyrics Big guy Ice Spice SpongeBob square pants soundtrack big guy SpongeBob square pants soundtrack Ice Spice Big Guy SpongeBob square pants soundtrack,10,2026-01-23T10:30:39Z,263889,1277,47,US
M1QCCery0n8,Stand by Me,"Provided to YouTube by Warner Music Group - X5 Music Group

Stand by Me Â· Ben E. King

Swinging Sixties Hits

â„— 2026 Warner Music Group - X5 Music Group

Released on: 2026-01-19

Guitar: Al Caiola
Vocals: Ben E. King
Guitar: Charles McCracken
Piano: Ernie Hayes
Drums: Gary Chester
Producer: Jerry Leiber
Bass Guitar: Lloyd Trotman
Producer: Mike Stoller
Percussion: Phil Kraus
Band Member: Romeo penque
Composer Lyricist, Writer: Ben E. King
Composer Lyricist, Writer: Jerry Leiber
Composer Lyricist, Writer: Mike Stoller

Auto-generated by YouTube.",Ben E. King Swinging Sixties Hits Stand by Me,10,2026-01-18T10:00:35Z,144946,1452,4,US
iUFlb4YYYKo,Don Toliver - ATM [Official Video],"Don Toliver - ATM official music video out NOW!

OCTANE â˜¢ï¸ 1/30/26

Pre-order 'OCTANE': https://dontoliver.com/

Director â€“ Maxime Quoilin 

Creative Director â€“ Raf Porter
Executive Producer â€“ Ryan Heiferman
Executive Producer â€“ Sverre Gundhus
Producer â€“ Jami Arceo

Director of Photography â€“ Chuk Owens

Production Company - GOOD COMPANY
Executive Producer â€“ Ryan Heiferman
Executive Producer â€“ Sverre GundhusProducer â€“ Jami Arceo
Music Video Rep â€“ Cheyenne Shannon

Production Designer â€“ Tyler Evans
Production Manager â€“ Eva Simpao
Production Coordinator â€“ Ryan Cassels-Conway

1st Assistant Director â€“ Todd Lent

Management â€“ Erin Duran
Management â€“ Randall â€œSickamoreâ€ Medford
Artist Assistant â€“ Jonathan January
Stylist â€“ Bailey Quinones
Hair Stylist â€“ Yazmin Adams
Groomer â€“ Courtney Housner
DT Videographer â€“ Jack Dalton
Photographer â€“ Omar Joseph Jr
Security â€“ Tajh Shuff
Car Handler â€“ Derek Zitterich

Atlantic / President, Creative â€“ Dave Rocco
Atlantic / Creative â€“ Alex Figueroa

Atlantic / Product Manager + Marketing â€“ Carla Pagano
Atlantic / Digital â€“ Cole Rechan
Atlantic / Commissioner â€“ Andrew Reid

1st AC â€“ Mike Panczenko
2nd AC (Day 1) â€“ Mike Prior
2nd AC (Day 2) â€“ Josh Benavidez
Steadicam Operator â€“ Bill Hunt

DIT â€“ Henry Miller
VTR â€“ Ignacio Martinez
Playback â€“ Robert Buckholz

Camera Car Driver â€“ Randy Reitenbach
Crane Operator â€“ Bobby Peretti
Head Tech â€“ Pete Tommasi

Drone Tech â€” Drone Dudes

Gaffer â€“ Kevin Kim
Best Boy Electric â€“ Rodolfo Martinez
Electric â€“ Justin Roxbrough
Electric / Driver â€“ Noah Shettel
Electric â€“ Vahagan Gukasyan
Electric â€“ Colvin Ang
Electric â€“ Bailey Clark

Key Grip â€“ Marlow Nunez
Best Boy Grip â€“ Matt Toledo
Grip â€“ Dennis Pires
Grip / Driver â€“ Tigran Aghasaryan

Art Director â€“ Angus Bernsen
Art Director â€“ Brendan Sheley
Art Coordinator â€“ Ciara Flynn
Leadman â€“ Theo Cohn
SFX â€“ Ben Graham

Set Dresser â€“ Raymond Schmidt
Set Dresser â€“ Kyle Leeser
Set Dresser â€“ Justin Dega
Set Dresser â€“ Will Cragoe

2nd Assistant Director â€“ Timothy Munoz

Location Manager â€“ Zippy Melissa Downing
Casting Director â€“ Chandler Kennedy

Stunt Coordinator â€“ Ajay Hateley
Stunt Driver â€“ Craig Hunter

SFX Makeup Artist â€“ Alan Gonzalez Jr.
SFX Makeup Assistant â€“ Anaid Cruz Gutierrez
Make-Up Artist â€“ Stacy Gonzalez

Stylist â€“ Dennis Kim
Stylist Assistant â€“ Kori Tamondong
Stylist Assistant â€“ Miriam Ruvalcaba

Set Medic â€“ Morris Brown
Craft Service â€“ Luis Barrigan Chiva
Craft Service Assistant â€“ Daira Lopez

Office PA â€“ Jack Dixon
Set PA â€“ Phil Batiste
Set PA â€“ Sydney Gates
Set PA â€“ Eder Parada
Set PA â€“ Carlos Santana
Set PA â€“ Jhovanny Esparza
Pass Van PA â€“ Quincy Cowherd
Pass Van PA â€“ Diego Lopez
Truck PA â€“ Tyler Bice
Truck PA â€“ Jahaziel Castaneda-Arias

AD PA â€“ John Napa
AD PA â€“ Matthew Kuhn

Mad Scientist â€“ Josh Harp
Human Robot â€“ Carmel Rogers
Background â€“ John Peters
Background â€“ Bobby York


Subscribe to Donâ€™s YouTube channel: https://dontoliver.lnk.to/YTSubscribe

Follow Don Toliver:
https://www.instagram.com/dontoliver
https://www.tiktok.com/@dontolivermusic
https://twitter.com/dontoliver
https://soundcloud.com/dontoliver
https://www.facebook.com/DonToliver/

#DonToliver #OfficialMusicVideo",don toliver ok I pull up after party no idea Don Toliver donda cardigan no idea slowed cactus jack had enough what to do Don Toliver new don toliver love sick don toliver type beat don toliver no idea don toliver unreleased don toliver lovesick don toliver lemonade don toliver deep in the water attitude don toliver cash cobain don toliver hardstone psycho hardstone psycho Don Toliver - ATM [Official Video] ATM Don Toliver ATM ATM Don Toliver,10,2026-01-23T20:08:55Z,559481,51914,1397,US
BXM6vxMGM-M,A$AP Rocky - FLACKITO JODYE (Official Video) ft. Tokischa,"LISTEN TO 'DON'T BE DUMB' HERE: https://asaprocky.lnk.to/DontBeDumb

FOLLOW A$AP ROCKY:
FACEBOOK: https://AsapRocky.lnk.to/followFI
INSTAGRAM: https://AsapRocky.lnk.to/followII
TIKTOK: https://www.tiktok.com/@asaprocky
TWITTER: https://AsapRocky.lnk.to/followTI
WEBSITE: https://awge.com & asaprocky.com

#ASAPROCKY #DONTBEDUMB #FLACKITOJODYE",A$AP Rocky feat. Tokischa FLACKITO JODYE dont be dumb don't be dumb asap rocky helicopter punk rocky rap A$AP Rocky,10,2026-01-23T20:04:09Z,904972,29619,1535,US
cUfDOS2SINM,XG - HYPNOTIZE (Official Music Video),"XG
1st Full Album 
THE CORE - æ ¸
2026.01.23 Fri

Tracklist:
01. XIGNAL (The Intro)
02. GALA
03. ROCK THE BOAT
04. TAKE MY BREATH
05. NO GOOD
06. HYPNOTIZE
07. UP NOW
08. O.R.B (Obviously Reads Bro)
09. 4 SEASONS
10. PS118

https://xgalx.com/xg/xg-1stfullalbum/ 

Streaming/Download 
ğŸ§https://xg.lnk.to/THECORE_DIGITAL

â€”-------------

Follow XG:
Instagram: https://instagram.com/xgofficial
YouTube: https://www.youtube.com/@xg_official
TikTok: https://www.tiktok.com/@xg.official
X: https://x.com/XGOfficial_
Facebook: https://www.facebook.com/XGOfficial
XG OFFICIAL FANCLUB """"ALPHAZâ€: http://bit.ly/3ykLo4V

#XG #HYPNOTIZE
#XG_HYPNOTIZE
#XG_THECORE_æ ¸
#XGALX",XG XGALX GRL GVNG SHOOTING STAR LEFT RIGHT MASCARA Tippy Toes JURIN JURIA MAYA COCONA CHISA HARVEY HINATA ALPHAZ X-GENE TGIF NEW DANCE PUPPET SHOW WINTER WITHOUT YOU WOKE UP SOMETHING AIN'T RIGHT IYKYK AWE IS THIS LOVE IN THE RAIN MILLION PLACES GALA,10,2026-01-23T10:00:07Z,2068186,185396,8183,US
LGXOcc7d_RA,Lil Uzi Vert - What You Saying (Lyrics),"ğŸµ Best TikTok Viral Music: https://youtube.com/playlist?list=PLBbWAaEu3aidb5XY-CVhuOVK-53HyNPlV

ğŸ˜ˆ Viral Phonk Music:
https://open.spotify.com/playlist/1nWMLiZltxgqoOVjxGvfhn

Check out my Spotify playlist: https://spoti.fi/2Jba0lx

â¬ Download / Stream: 
https://liluzivert.lnk.to/WhatYouSaying

âš¡ï¸ Lil Uzi Vert:
http://liluziofficial.com
https://twitter.com/LILUZIVERT
https://www.instagram.com/liluzivert
https://www.facebook.com/LilUziVert

âš¡ï¸ Creative Chaos:
https://soundcloud.com/creativchaos
https://open.spotify.com/user/creativchaos
https://www.tiktok.com/@creative.chaos_
https://www.facebook.com/creatvchaos
https://x.com/crevtivechaos
https://www.instagram.com/creativ.chaos

Lyrics:

[Intro]
(MC, make another hit)

[Chorus: Lil Uzi Vert]
I don't even know what she said 'cause she foreign (Let's go)
Yeah, she foreign
And she got endurance
Like the way she 'forms
And she gon' perform it
Look the same in morning (Woah)
She don't stop, keep going (Keep going)
I don't even know what she said, but this what I hear in my head

[Refrain: Lil Uzi Vert & Indila]
Il, il n'est pas fou (Huh?), il l'aime c'est tout (What?)
Il la voit partout (Wait), il l'attend debout (What she say?)
Debout une rose Ã  la main (Yes), non, non plus rien ne le retient (Oh, and she start breathin' like)
Dans sa love story (Woah)
Dans sa love story (Let's go)
Dans sa love story
Sa love story (Then she switch the pace up)

[Verse: Lil Uzi Vert]
Okay, I really do get you
What I make in a day, what they make in a life
Is it 'cause that I'm paid, you tryna stay the night?
You keep rubbing all on my face, make me feel I'm your type
I guess that we on the same page 'cause I'm just tryna strike (Okay, I really do get you, woah)
What I make in a day, what they make in a life
Is it 'cause that I'm paid, you tryna stay the night?
You keep rubbing all on my face, make me feel I'm your type
I guess that we on the same page 'cause I'm just tryna strike (Woah)

[Refrain: Lil Uzi Vert & Indila]
Il, il n'est pas fou (Huh?), il l'aime c'est tout (Keep goin')
Il la voit partout (Woah), il l'attend debout (What she say?)
Debout une rose Ã  la main (Go), non, non plus rien ne le retient (Ah, ah, ah)
Dans sa love story
Dans sa love story
Dans sa love story
Sa love story

[Chorus: Lil Uzi Vert]
I don't even know what she said 'cause she foreign (Let's go)
Yeah, she foreign
And she got endurance
Like the way she 'forms
And she gon' perform it
Look the same in morning (Woah)
She don't stop, keep going (Keep going)
I don't even know what she said but this what I hear in my head

ğŸ“· Photo:
https://unsplash.com

ğŸš« If you want to use this music in your video you will need permission from the artist or label.

#LilUziVert #WhatYouSaying #CreativeChaos #Pop #PopMusic #Music #Vocals #Lyrics #LyricVideo #TopHits #Hits",lil uzi vert what you saying lil uzi vert what you saying lyrics what you saying lil uzi vert what you saying lil uzi vert lyrics what you saying lyrics lil uzi vert lil uzi vert what you saying what you saying lyrics lil uzi vert lyrics what you saying lil uzi vert - what you saying lil uzi vert - what you saying lyrics what you saying - lil uzi vert what you saying - lil uzi vert lyrics lil uzi vert lyrics lyrics what you saying creative chaos,10,2026-01-24T13:41:26Z,52351,892,46,US
EG8zY9fspuY,Confirmo,"Provided to YouTube by The Orchard Enterprises

Confirmo Â· Los Parras Â· Abraham Lopez Â· Yamder B. David Â· Oscar Coby

Confirmo

â„— 2026 La R Records, LLC

Released on: 2026-01-23

Producer: Gilberto ""El Pollo"" Zavala
Producer: Cassandra Hernandez
Producer: Ernesto Morales
Producer: Carla Soto
Producer: Cristian Caamano ""Robin""
Music Publisher: La R Publishing

Auto-generated by YouTube.",Los Parras Abraham Lopez Yamder B. David Oscar Coby Confirmo,10,2026-01-22T10:00:30Z,248996,12400,1035,US
2WPHzoaBK4s,BOO,"Provided to YouTube by Hitmaker

BOO Â· H3adband

BOO

â„— WatchDatBaby/Hitmaker Distro

Released on: 2026-01-23

Producer: Jordan Randall
Vocals: H3adband
Composer: Jordan Randall
Lyricist: Jordan Randall

Auto-generated by YouTube.",H3adband BOO,10,2026-01-22T10:00:03Z,47687,1454,28,US
pBZxDWMeuUc,DABABY - POP DAT THING (Official Audio),"Stream 'Pop Dat Thing"" Here: https://dababy.lnk.to/POPDATTTHANG

Follow Dababy:
https://www.instagram.com/dababy/
https://www.tiktok.com/@dababy
https://x.com/DaBabyDaBaby

#Dababy #PopDatThing",DaBaby Baby Jesus Charlotte Hip Hop Rap dababy rockstar da baby hip hop rockstar dababy throat baby bop phat dababy dababy rockstar bop dababy lil baby toes dababy dababy freestyle baby lil baby dababy bop phat dababy phat,10,2026-01-23T05:00:51Z,209949,13529,967,US
TBV8_0BqIw8,Ride The Lightning (Bonus Track),"Provided to YouTube by The Orchard Enterprises

Ride The Lightning (Bonus Track) Â· Megadeth Â· Dave Mustaine

Megadeth

â„— 2026 Megadeth Inc. Under exclusive license to BlkIIBlk d/b/a Frontiers Records d/b/a BlkIIBlk Records.

Released on: 2026-01-23

Producer: Dave Mustaine
Producer: Chris Rakestraw
Music Publisher: Mustaine Music (BMI)

Auto-generated by YouTube.",Megadeth Dave Mustaine Ride The Lightning (Bonus Track),10,2026-01-22T10:00:46Z,896392,60557,9710,US
qDyUb2JjRHc,42 Dugg & EST Gee - No Fakin (Official Video),"Stream 'Part 3' Here: https://42dugg.lnk.to/Part3

Follow 42 Dugg:
https://www.instagram.com/42_dugggg/
https://x.com/42_Dugg

#42dugg #NoFakin #Part3",42dugg 42 dugg 42 dugg est gee we not done 42 dugg 42 dugg we not done dog food 42 dugg it is what it is chicken p maybach 42 dugg it is what it is 42 dugg lil baby,10,2026-01-23T05:48:27Z,223411,10653,390,US
2exVDhY6xqI,Mickey Factz - #StoreRunner (TRU FOE DISS),"Directed by Mr Good Evening

Mickey Factz ends the trilogy with a scathing diss entitled #STORERUNNER 
The story goes Aye Noun paid Tru Foe to diss Mickey Factz and Mickey proceeded to write 3 songs in under 20 hours from 2 am to 7 pm. Mind you he slept from 7 am to 11 am. So its really 16 hours. Anyway, Factz being the mc he is channeled his anger into one of the most catchiest and creative diss records to date. Long Live Lyricism.",,10,2026-01-25T01:00:06Z,15292,1908,654,US
_R9DPHFqkZc,"""Emo Girl"" Yuno Miles x Fantano (Official Video)","#yunomiles #fantano #youtube #youtuber #viral #trend #blow #rock #emo #emomusic #tiktok #memes 
#mrbeast #kaicenat #sabrinacarpenter #madisonbeer #kyliejenner 




Join this channel to get access to perks:
https://www.youtube.com/channel/UCRv0M7dDL0Y21_9rU4tgNDw/join",Yunomiles fantano emo rock youtube youtuber blow kaicenat mrbeast,10,2026-01-24T19:48:40Z,94353,15060,1457,US
fdKEN2ipsBU,Ros Kantri,"Provided to YouTube by Zojak World Wide, LLC

Ros Kantri Â· Mavn LKLD Â· Evin Rush Â· Flunky

Ros Kantri

â„— Mavn LKLD & Lopez Records

Released on: 2026-01-13

Producer: Mavn LKLD
Producer: Jeremiah Nangore
Producer: Wavetrax Inc
Producer: Hauskuk Musik
Producer: Stingray Records
Composer: Mavn LKLD
Composer: Evin Rush

Auto-generated by YouTube.",Mavn LKLD Evin Rush Flunky Ros Kantri,10,2026-01-12T17:42:02Z,51400,2160,0,US
XBnZa6t3mRU,"Trap Dickey, Key Glock - Down South","Music video by Trap Dickey, Key Glock performing Down South.Â© 2026 11 Music Group, LLC, under exclusive license to UMG Recordings, Inc.",Trap Dickey Key Glock Trap Dickey/Uptown/Def Jam Hip Hop,10,2026-01-23T20:00:25Z,58230,4416,196,US
edZVnKxKEUU,SO BE IT | Elevation Worship (feat. Tiffany Hudson & Chris Brown),"The official live video for ""SO BE IT"" by Elevation Worship featuring Tiffany Hudson & Chris Brown.

Connect with Elevation Worship: 
Website | https://www.elevationworship.com 
https://elevationworship.link/SBTPAPSYT
https://www.facebook.com/elevationworship/ 
https://www.instagram.com/elevationworship/ 
https://www.tiktok.com/@elevation.worship
https://twitter.com/elevation_wrshp

Lyrics:
When the King speaks a word
It cannot be overturned
Itâ€™s as good as done

And when heaven touches earth 
It can never be reversed
Itâ€™s the Kingdom come

So get the liars out the way
They donâ€™t have the final say
There is only One

Sovereign and Supreme
Every word He speaks 
Is holy

The Lamb of God has overcome
My testimony is His blood
And if He said that it is done
It is done
So be it God
 
To the One on the throne
Who cannot be overthrown
Sing Hallelujah

To the Last and the First
Ruler of the universe
Sing Hallelujah

To the Alpha, Omega
The Master, the Maker
The Name above

Every other name
Give Him all the praise
Heâ€™s holy
 
The Lamb of God has overcome
My testimony is His blood
And if He said that it is done
It is done
So be it God

The weapons of the enemy 
They have no power over me
The One with all authority covers me
So be it God
So be it God
So be it God

From a throne to a cross 
Who would pay such a price 
For the sin of the world 
Hereâ€™s your King crucified 

See the nails in His hands
See the wounds in His side
See the crown meant to mock
That instead prophesied 

That it was not the end
Wipe the tears from your eyes
Donâ€™t forget that He said
On the third He would rise

Heâ€™s alive
Heâ€™s alive
Heâ€™s alive
Heâ€™s alive

Heâ€™s alive
Heâ€™s alive
Heâ€™s alive
Heâ€™s alive
 
The Lamb of God has overcome
My testimony is His blood
And if He said that it is done
It is done
So be it God

The weapons of the enemy 
They have no power over me
The One with all authority covers me
So be it God
So be it God

It is final
It is written
It is settled
It is finished

See that old grave
He was in it
Now He isnâ€™t
He is risen

It is final
It is written
It is settled
It is finished

See that old grave
He was in it
Now He isnâ€™t
He is risen

Hallelujah
Hallelujah
Hallelujah
Hallelujah

Hallelujah
Hallelujah
Hallelujah
Hallelujah

Like a thief in the night 
Heâ€™ll return for His bride
Even so, Jesus come
Jesus come split the skies
So be it God

Written By: Steven Furtick, Davide Mutendji, Mitch Wong, Tiffany Hudson
Â©Music by Elevation Worship Publishing // Original Wong Publishing / Bell Music Publishing
CCLI: 7269606

#elevationworship #SOBEIT #Worshipmusic",,10,2026-01-23T05:00:45Z,409042,25999,1939,US
JdCkPewFsc8,"Phil Wickham, Crowder - It Really Is Amazing Grace (Official Music Video)","Official music video for â€œIt Really Is Amazing Graceâ€ from Phil Wickham & Crowder

Stream or download the song here: https://fts.lnk.to/IRIAG

Connect with Phil Wickham: 
Website: https://philwickham.com
Instagram:  https://www.instagram.com/philwickham
Facebook: https://www.facebook.com/philwickham
TikTok: https://www.tiktok.com/@philwickhamofficial   

Lyrics:
Amazing Grace 
How sweet the sound 
That saved a wretch like me 
I once was lost 
But now Iâ€™m found 
Was blind but now I see 
 
Singing Hallelujah! 
Thereâ€™s no chains on me 
Thank you Jesus 
You have set me free 
You welcomed me in 
Called me by name 
Was dead in my sin 
Now Iâ€™m dancing on that grave 
Hallelujah! It really is Amazing Grace 
 
â€˜Twas grace that taught 
My heart to fear 
And grace my fears relieved 
How precious did  
That grace appear 
The hour I first believed 
 
Singing Hallelujah! 
Thereâ€™s no chains on me 
Thank you Jesus 
You have set me free 
You welcomed me in 
Called me by name 
Was dead in my sin 
Now Iâ€™m dancing on that grave 
Hallelujah! It really is Amazing Grace 
It really is, It really is 
Itâ€™s Amazing Grace 
 
Iâ€™ll testify  
Of what He did 
He gave me life 
Iâ€™m born again 
My heart is free 
My soul is saved 
It really is Amazing Grace 
 
Iâ€™ll testify  
Of what He did 
He gave me life 
Iâ€™m born again 
My heart is free 
My soul is saved 
It really is Amazing Grace 
 
It really is, It really is 
It really is Amazing Grace 
It really is, It really is 
 
Sing Hallelujah Hallelujah! 
Thereâ€™s no chains on me 
Thank you Jesus 
You have set me free 
You welcomed me in 
Called me by name 
Was dead in my sin 
Now Iâ€™m dancing on that grave 
Hallelujah! It really is Amazing Grace 
 
It really is 
It really is Amazing Grace 
It really is, it really is 
It really is Amazing Grace 

#PhilWickham #Crowder #ItReallyIsAmazingGrace #SongOfTheSaints",Phil Wickham Worship Music Worship Christian Til I Found You This Is Amazing Grace Brandon lake House of the lord Battle Belongs Hymn of Heaven bethel elevation graves into gardens goodness of god christian music phil wickham vevo phil wickham live fair trade/columbia Living hope Jesus Christ My Living Hope Gratitude Praise Phil Wickham Living Hope Raise A Hallelujah Behold Anne Wilson My Jesus This Is Our God Amazing Grace Crowder Phil Amazing Grace,10,2026-01-23T18:00:06Z,150661,10417,527,US
VBxwLtSZXOk,Polo G - Boring Soul (Official Video),"POLO G 'Hood Poet Black Heart Edition"" Out Now -  https://polog.lnk.to/hoodpoetblackheart

Directed by Polo G & Diamond VIsuals 

----------------------
Follow Polo G
Facebook - https://www.facebook.com/pologofficial/
Instagram - https://www.instagram.com/polo.capalot/
Twitter - https://twitter.com/Polo_Capalot
TikTok - https://www.tiktok.com/@pologofficial

#PoloG #HoodPoetBlackHeart",,10,2026-01-23T17:00:07Z,139565,15619,1154,US
85UJ8Rvfj9g,Joji - Last of a Dying Breed (Visualizer),"Joji - Last of a Dying Breed

Last of a Dying Breed: https://joji.lnk.to/lastofadyingbreed
Piss In The Wind, out February 6th: https://joji.lnk.to/pissinthewind
Shop Vinyl, CD, merch & more: https://joji.lnk.to/pissinthewind/officialstore

Sign up: https://joji.lnk.to/signup
Website: https://jojimusic.com
Subscribe: https://joji.lnk.to/subscribe
Instagram: https://www.instagram.com/sushitrash/
TikTok: https://www.tiktok.com/@joji
Facebook: https://www.facebook.com/jojikansai/
WhatsApp: https://joji.lnk.to/whatsapp
X: https://x.com/sushitrash

CREDITS:
Visuals by BRTHR x angel333

#Joji #LastofaDyingBreed #PissInTheWind",Joji Nectar BALLADS 1 In Tongues Chloe Burbank Gimme Love Run SLOW DANCING IN THE DARK 88rising glimpse of us smithereens joji smithereens joji tour die for you joji head in the clouds joji music video joji official video joji visualizer joji lyrics joji yeah right joji sanctuary last of a dying breed piss in the wind pixelated kisses love you less past won't leave my bed,10,2026-01-23T05:00:14Z,837553,98186,4658,US
F4nefIN4_LY,"""Donald's Sewage Stream"" - Marsh Family adapt ""Islands in the Stream"" by Dolly Parton & Kenny Rogers","â€œIslands in the Streamâ€ was written by the Bee Gees, named after an Ernest Hemingway novel, and first intended for Diana Ross â€¦ but it found its most famous home in the epic country rendition released by Kenny Rogers and Dolly Parton in 1983 which was Dollyâ€™s second number one hit â€“ knocking Bonnie Tylerâ€™s â€œTotal Eclipse of the Heartâ€ off the top spot! 

We had planned to do a cover of it to mark Dollyâ€™s 80th birthday earlier this week. But with the bizarre episodes engineered by Donald Trump and some of his despicable false claims about NATO and track records dominating headlines this week, we determined to create a parody reflecting on his increasingly rambling, drivelling, narcissistic, and palpably untrue speeches â€“ including notably the one he gave at Davos as he climbed down (for now) from his bullying of Greenland (not Iceland, as in the clip). 

For the facts Trump got wrong and the sources used:
- ABC News: https://www.youtube.com/watch?v=hDgfOdEJyZE
- Trump Davos speech: https://www.youtube.com/watch?v=qo2-q4AFh_g
- Fact checks of it: https://www.bbc.co.uk/news/articles/c301jgd1qj6o, https://edition.cnn.com/2026/01/21/politics/trump-davos-nato-greenland-fact-check

*Update 12 hours after upload: thanks for helpful people adding to our fact checking, and reminding that although Trump â€œtaunted men who served as soldiersâ€ there were also many female service people and sadly casualties in the Afghanistan operation.


___________________________ 

Support us here: 
- PayPal to leave us a tip jar: https://paypal.me/marshfamilysongs 
- Patreon for ongoing support & bonuses: https://www.patreon.com/marshfamilysongs 
- Crowdfunder for debut album out in 2026: https://www.kickstarter.com/projects/marshfamily/the-marsh-family-debut-album-campaign 

Find our other channels here: 
https://linktr.ee/marshfamilysongs 

Follow us here: 
- https://www.marshfamilysongs.com 
- https://www.facebook.com/MarshFamilySongs/ 
- https://www.instagram.com/marshfamilysongs/ 
- https://twitter.com/MarshSongs 
- https://www.threads.net/@marshfamilysongs 
- https://www.tiktok.com/@marshfamilysongs 
- https://bsky.app/profile/marshfamilysongs.bsky.social 
- https://open.spotify.com/artist/6AYmbCwi92V29y69lkRkRa 

___________________________ 

LYRICS 

How come when he gets up every speech drones on?
He sets out to lecture with his facts all wrong 
Heâ€™s gone soft inside 
There is nothing going on!

Someoneâ€™s autocue-ing but heâ€™s unrestrained  
They must wonder â€œCanâ€™t he read the pane?â€
Every speech falls apart
Ego-spewing marathons

Audiences try
Kind of hide their trepidation
Knowing Trumpâ€™s showâ€™in real deterioration
They smile as he blathers: â€œuh-huh!â€
Making up all his numbers, â€œuh-huh!â€

Donaldâ€™s sewage stream
Verbal salad bar
Someone intervene!
You can see heâ€™s wrong
Ailing mentally
In his made-up world
Where he just lies for an hour, uh-huh!
From one subject to another, uh-huh!

Whistleâ€™s going choo-choo yet the trainâ€™s done gone
Gibbering and waffling but the lights ainâ€™t on
So he just talks all this shite
Slowly losing sight of the real things

Now it can happen often that he slurs and shouts
Doing impressions as he gurns and pouts 
And the message is clear:
This must be the year for dementing

No more alibis
Heâ€™s not wily, quirky, clever â€¦ 
His grasp of world events
Is just a toddlerâ€™s
He canâ€™t hide it forever â€“ nuh-huh
Bigging up his dystopia, nuh-huh

Donaldâ€™s sewage stream
That has gone too far
Veterans now demeaned
Getting history wrong
Making mockery
In his latest slur
Of how we fought with each other, huh-uh
Taunting men who served as soldiers, huh-uh

So debased
Oh defames their memory

Wizened tangerine
Bogus and bizarre
Always venting spleen
Like King *senile* Kong
Fade away now please
From our media
So we can talk to each other, uh-huh
Without felons taking over, uh-huh

___________________________ 

THANKS SO MUCH TO PATREONS (HOWLERS below): 

Alyssa Sangeeta Jacobson Memorial Fund 
Sacramento Scott 
Christian Schranz 
Peter Green 
Richard Boultbee 
LisaMarie Fitzpatrick 
Ed Rocheck 
Sandra Vernooy 
Dan McColm 
Douglas Lind 
David Ryan 
Simon Haslam 
Lew 
Mike Smith 
Andy Riches 
Cliff Hope 
Carol Leff 
David Patrao 
Gary Carpenter 
Karen & Geeta 
Grandad",Davos Trump Nato speech Rutte Greenland Afghanistan slurring facts fact check post truth flood the zone gibbering waffling Donald Trump oracy marbles UK politics Europe Iceland mistakes slips age degeneration King Kong US politics veterans Helmand royal family upset trauma Dolly Parton Kenny Rogers Bee Gees islands in the stream autocue teleprompter lecture audience Rubio deterioration verify BBC verify felon tangerine Trumpian cats and dogs strategy 25th nokings,10,2026-01-24T20:59:48Z,25256,4341,305,GB
dM8ejbP2E2k,D-Block Europe (Young Adz) FOREVER 29 [Official Video],"THE NEW MIXTAPE 'PTSD 2' OUT NOWğŸ‘½ğŸ¥¤ https://DBlockEurope.lnk.to/PTSD2ID 

D-Block Europe music: https://DBlockEurope.lnk.to/MusicID

FOLLOW D-Block Europe:

D-BLOCK EUROPE 
TikTok: https://DBlockEurope.lnk.to/TikTokID
Instagram: https://DBlockEurope.lnk.to/InstagramID
Twitter: https://DBlockEurope.lnk.to/TwitterID
Facebook: https://DBlockEurope.lnk.to/facebookID
Discord: https://DBlockEurope.lnk.to/DiscordID
Complete playlist: https://DBlockEurope.lnk.to/MusicID

YOUNG ADZ 
Instagram: https://DBlockEurope.lnk.to/YoungAdzIGID
Twitter: https://DBlockEurope.lnk.to/YoungAdzT...
TikTok: https://DBlockEurope.lnk.to/YoungAdzT...

DIRTBIKE LB
Instagram: https://DBlockEurope.lnk.to/DirtbikeL...
Twitter: https://DBlockEurope.lnk.to/DirtbikeL...
TikTok: https://www.tiktok.com/@dirtbikelb?_r=1&_t=ZN-93IBWnVQiG6

MR DBE 
Instagram: https://www.instagram.com/mr_dbe_?igsh=b2NobjRhc3Yxb3c0
TikTok: https://www.tiktok.com/@mr_dbe?_r=1&_t=ZN-93IBSUMevgd


#DBlockEurope #PTSD2",,10,2026-01-22T21:00:46Z,293376,9319,354,GB
P4xev_eo1Ko,Cheema Y x Moose Wala x Karan Aujla Mashup | @DJBKS x Sunix Thakor | Latest Punjabi Song,"Three powerhouses. One explosive mashup.

Presenting the Cheema Y x Sidhu Moose Wala x Karan Aujla Mashup, blending raw Punjabi energy, hard-hitting lyrics, and signature vibes into one seamless musical journey. This mashup is crafted to hit hard on speakers and visuals alike, delivering a high-octane experience for true Punjabi music fans.

ğŸ§ Mashup by: DJ BKS x Sunix Thakor
ğŸ¬ Visuals & Edit: Sunix Thakor

Uploaded for promotional and preview purposes only! 
If you as a copyright holder wish to remove this, 
please contact me @ djsunix4u@gmail.com - 
and I will remove it directly from my Channel.

Hit the Like Button and share it around, Don't Forgot to press the bell icon.

Follow Sunix Thakor on:-
Instagram :- https://www.instagram.com/sunix_thakor/â€‹
YouTube:- https://www.youtube.com/sunixthakorâ€‹
Facebook:- https://www.facebook.com/vjsunixâ€‹
Twitter:- https://twitter.com/sunixthakorâ€‹

Enjoy and Stay Connected With Us!!

----------------------------------------------------------------------------------------------
*DISCLAIMER: This Following Audio/Video is Strictly meant for Promotional purposes. We Do not Wish to make any Commercial Use of this & Intended to Showcase the Creativity Of the Artist Involved.*

*The original Copyright(s) is (are) Solely owned by the Companies/Original-Artist(s)/Record-label(s).All the contents are intended to Showcase the creativity of the artist involved and are strictly done for promotional purposes.*

*DISCLAIMER: As per the 3rd Section of Fair use guidelines Borrowing small bits of material from an original work is more likely to be considered fair use. Copyright Disclaimer Under Section 107 of the Copyright Act 1976, allowance is made for fair use",Cheema Y Sidhu Moosewala Moose Wala Karan Aujla Punjabi Mashup Punjabi Hip Hop Desi Hip Hop Punjabi Trap Desi Drill Moosewala Mashup Karan Aujla Mashup Cheema Y Mashup DJ BKS Sunix Thakor Offline Mix Punjabi Music Punjabi Rap Indian Hip Hop Viral Punjabi Song Punjabi Remix Mashup 2026 New Punjabi Mashup,10,2026-01-19T05:30:07Z,648328,20123,340,GB
nX_tUNtldSg,Florin Cercel - Psiholog | Official Video 2026,"Momentan Florin Cercel a luat o pauza de la concerte / evenimente

ProducÈ›ie: Florin Cercel 
Orchestratie: Edy Talent
Versuri : PetricaSecunda /Florin Cercel/Zennys
Video: Madalin Lungu

â–ºFacebook : https://www.facebook.com/OficialFlorinCercel
â–ºInstagram : https://www.instagram.com/florincercelmusic

â™« iTunes â–º https://apple.co/2YUsVf8
â™« Spotify â–º https://spoti.fi/2YUsDVA
â™« Deezer â–º https://bit.ly/3fGsLO7
â™« Amazon â–ºhttps://amzn.to/2Wkt7T3 

Nu copia sau reposta pe alte canale , adaugÄƒ la favorite !

#FlorinCercel #CercelMusic",florin cercel 2026 florin cercel m-as duce la psiholog florin cercel te rog baga-ma la block,10,2026-01-23T10:00:06Z,521630,16436,857,GB
55BS8QO5C9o,"Dil Lagana Mana Tha (Official MV) Krish & Kishore Mondal | Kunaal V, Devv S | Sanam Johar Ashi Singh","Dil Lagana Mana Tha (Official MV) Krish & Kishore Mondal | Kunaal V, Devv S | Sanam Johar Ashi Singh

ğ‘¨ğ’ƒğ’ğ’–ğ’• ğ’•ğ’‰ğ’† ğ‘½ğ’Šğ’…ğ’†ğ’ :-

Dil Lagana Mana Tha is an emotional romantic song that captures the pain of falling in love when the heart was warned not to. This video portrays deep feelings of love, heartbreak, and unspoken emotions, reflecting the journey of a heart that couldnâ€™t resist love despite knowing the consequences. Beautiful visuals and soulful music come together to tell a story many will relate to.

ğŸ‘‰ ğ‘ºğ’–ğ’ƒğ’”ğ’„ğ’“ğ’Šğ’ƒğ’† ğ’•ğ’ @ğ‘¹ğ‘«ğ‘ªğ‘´ğ’†ğ’ğ’ğ’…ğ’Šğ’†ğ’” ğ’‡ğ’ğ’“ ğ’ğ’ğ’“ğ’† ğ’“ğ’ğ’ğ’‚ğ’ğ’•ğ’Šğ’„ ğ’‰ğ’Šğ’•ğ’” ğ’‚ğ’ğ’… ğ’ğ’†ğ’˜ ğ’“ğ’†ğ’ğ’†ğ’‚ğ’”ğ’†ğ’”!

ğŸ¶ ğ‘ºğ‘¶ğ‘µğ‘® ğ‘ªğ‘¹ğ‘¬ğ‘«ğ‘°ğ‘»ğ‘º :-
Singer:  Krish & Kishore Mondal 
Starring: Sanam Johar & Ashi Singh
Lyrics: Kunaal Vermaa
Producer: Durgaram Choudhary
Music Composer: Devv Sadaana
Music Arrangement & Programming: Sharan Rawat
Mixing & Mastering: Bhasker Sarma @ Euphony Studio
Â©ï¸ Koo Koo Tv 
Digital Partner: RDC Media

ğ‘³ğ‘°ğ‘²ğ‘¬, ğŸ’¬ ğ‘ªğ‘¶ğ‘´ğ‘´ğ‘¬ğ‘µğ‘» ğ’šğ’ğ’–ğ’“ ğ’‡ğ’‚ğ’—ğ’ğ’“ğ’Šğ’•ğ’† ğ’ğ’Šğ’ğ’†, ğ’‚ğ’ğ’… ğŸ” ğ‘ºğ‘¯ğ‘¨ğ‘¹ğ‘¬ ğ’Šğ’• ğ’˜ğ’Šğ’•ğ’‰ ğ’šğ’ğ’–ğ’“ ğ’‡ğ’“ğ’Šğ’†ğ’ğ’…ğ’”.

ğŸ¬ ğ‘ªğ‘¨ğ‘ºğ‘» & ğ‘ªğ‘¹ğ‘¬ğ‘¾ :-
Director: Honey
Choreographer: Debu
Director of Photography (DOP): Karan
Project Head: Israr Ahmad
Video Creator: Screenshot Digital

Assistant Directors:
Shivani, Mukesh Tiwari

Still Photography & BTS: Chand Khan
DI (Colorist): Aman Kumar Kashyap
VFX: Mega Motion

Make-up & Hair: Guddu
Casting Director: Mujeeb Khan

Post Production: Screenshot Digital Studio
Editor: Aaditya Jangid
Art Director: Manoj Bhoyar

Production Executive: Ghani
Dressman: Sujeet
Costume Stylist: Adil Apperal
Dancer Costumes: Nishita
Dancer Management: Nikunj

Spot Boys: Anis, Madan

ğ‘³ğ’šğ’“ğ’Šğ’„ğ’” :
Zamaane ki taraah
Hum bhi tode hain gaye
Aise tanha to na the Tanha chode hain gaye

Na dil se vo yaadein jaayein
Na raaton ko neendein aayein
Aate hain phir khwab kyu
Aate hain kyu khaab
Jo thi tere ishq mein doobi
Un ankhon mein tum le aaye
Aasu behisaab kyu
Aasu behisaab
Khair hai yaaron kam se kam
Jaan se jaa na paaye hum
Khair hai yaaron kam se kam
Jaan se jaa na paaye hum
Inkaar ke bahaane kayi baar karte karte

Humne wahin lagaya dil
Jahaan dil lagana mana tha
Akhir wahin kiye sajde jahan
Sar jhukana mana tha
Kyu zindagi bita di jahaan pe
ik pal bitaana mana tha
Kyu us gali mein rehte they hum
Jahaan roz jaana mana tha

Zamaane ki taraah
Hum bhi tode hain gaye
Aise tanha to na the Tanha chode hain gaye
Jo duaayein dete they
Haan usi ke hothon se
Aise waise lafz bhi
Humse bole hain gaye

baitho kisi roz tanhai mein
Rakho samne wakt ke aaine
Jo aagea chehra nazar vo kahin
Tumhe bewafa kehke has na pade

Tujhe dil diya istemaal huye
Hai tujhmein bhi dil ye khayaal rahe
Tujhe dil diya istemaal huye
Hai tujhmein bhi dil ye khayaal rahe

Humne jalaaya dil jahaan diye bhi jalaana mana tha
Kar baithe yaad vo chehra jisko bhulaana mana tha
Hum aazmaye gaye magar unhe aazmana mana tha
Humne wahin lagaya dil jahan dil lagana mana tha

Zamaane ki taraah
Hum bhi tode hain gaye
Aise tanha to na the Tanha chode hain gaye
Jo duaayein dete they
Haan usi ke hothon se
Aise waise lafz bhi
Humse bole hain gaye

â™ªğ‘­ğ’–ğ’ğ’ ğ‘ºğ’ğ’ğ’ˆ ğ‘¨ğ’—ğ’‚ğ’Šğ’ğ’‚ğ’ƒğ’ğ’† ğ’ğ’
Spotify:- https://tinyurl.com/27oe35rj
AppleMusic:- https://tinyurl.com/28gmxxh4
Jiosaavn:- https://tinyurl.com/27hrjbe4
Gaana:- https://tinyurl.com/22cyb2of
Amazon Music:- https://tinyurl.com/23pxjraf
Instagram:- https://tinyurl.com/22walvmd
YouTube Music:- https://tinyurl.com/e878aht8

ğŸŒ ğ‘­ğ’ğ’ğ’ğ’ğ’˜ ğ‘¹ğ‘«ğ‘ª ğ‘´ğ’†ğ’ğ’ğ’…ğ’Šğ’†ğ’” ğ’ğ’ ğ‘ºğ’ğ’„ğ’Šğ’‚ğ’ ğ‘´ğ’†ğ’…ğ’Šğ’‚ :
Instagram: https://www.instagram.com/rdcmelodies
Faceboook: https://www.facebook.com/share/17NEPB4Bkh/

ğŸŒ ğ‘«ğ’Šğ’”ğ’•ğ’“ğ’Šğ’ƒğ’–ğ’•ğ’† ğ’€ğ’ğ’–ğ’“ ğ‘´ğ’–ğ’”ğ’Šğ’„ ğ‘®ğ’ğ’ğ’ƒğ’‚ğ’ğ’ğ’š ğ’˜ğ’Šğ’•ğ’‰ ğ‘¹ğ‘«ğ‘ª ğ‘´ğ’†ğ’…ğ’Šğ’‚!
ğŸ“© For music distribution queries, feel free to reach out to us:
ğŸ“ Contact Number:- +91 91362 80423 
ğŸ“§ Email: info@rdcmedia.in
ğŸŒ Website: https://www.rdcmedia.in/

#DilLaganaManaTha #OfficialMusicVideo #NewSong #KishoreMondal #Krishmondal #KishoreMondalIndiasGotTalent #RomanticSong #EmotionalSong  #KrishhMondalIndiasGotTalent #KrishhMondalHitSongs",Dil Lagana Mana Tha Dil Lagana Mana Tha music video Dil Lagana Mana Tha official video kishore mondal indian idol kishore mondal song new songs song trending song viral song hindi songs 2026 songs hindi songs hindi songs new rdc melodies new song 2026 new hindi song hindi song new hindi song 2026 romantic song latest India's Got Talent Season 11 Kishore Mondal krish mondal official video new bollywood song 2026 Sanam Johar Ashi Singh,10,2026-01-16T12:00:18Z,3237954,135837,5422,GB
SslHscyqY1Y,"BORDER 2: Ghar Kab Aaoge (Lyrical)| Sunny D |Anu,Mithoon,Sonu, Roop,Arijit,Vishal,Diljit,Javed,Manoj","Presenting the Full Song Lyrical Video of the most loved patriotic anthem that lives in every heart, ""Ghar Kab Aaoge"", from #BORDER2.

Gulshan Kumar, T-Series & JP Films Present
A T-Series Films & JP Films Production

""BORDER 2""

In Cinemas 23rd Jan 2026. Jai Hind ğŸ‡®ğŸ‡³

â™ªFull Song Available onâ™ª 
Amazon Prime Music: https://bit.ly/3N1I2yr 
Spotify: https://bit.ly/49hwSNd
Gaana: https://bit.ly/4bcGZ8G
JioSaavn: https://bit.ly/4aH8VSa
Apple Music: https://bit.ly/4jjDX4y
YouTube Music: https://bit.ly/3Nce2zP

Song Credits: 
Original Song Composed by: Anu Malik 
Original Lyrics by: Javed Akhtar 
Song Recreated by: Mithoon 
Lyrics by: Manoj Muntashir Shukla 
Singers: Sonu Nigam, Roop Kumar Rathod, Arijit Singh, Vishal Mishra & Diljit Dosanjh 
Creative Head: Anugrah
Music Production: Godswill MergulhÃ¤o
Music Assistants: Anugrah, Godswill MergulhÃ¤o, Eli Rodrigues & Kaushal Gohil.
Guitars: Kalyan Baruah
Flute: Rakesh Chaurasia
World Strokes: Tapas Roy
Esraj: Arshad Khan
Indian Rhythm Ensemble: Raju Kulkarni, Satyajit Jamsandekar, Naeem Sayyed, Rahul Rupwate, Surinder Belbansi, Tejas Satardekar, Runal Sawant, Varad Kulkarni, Anugrah, Godswill MergulhÃ¤o, Eli Rodrigues, & Kaushal Gohil.
Choir Section Co-ordinator: Shripad Lele
Choir Section: Shripad Lele, Umesh Joshi , Vivek Naik, Vijay Dhuri, Anil Bhilare, Janardan Dhatrak , Dattatray Mestry, Siddhant Karawde , Mangesh Shirke, Latesh Pujari, Sagar Kudalkar, Mohan Morajkar, Karan Kagale, Vaibhav Sutar, Vishal Jagtap, Pratap Kalke, Mohan Shravan, Gaurav Dandekar, Prasad Manjrekar, Vishal Tambe, Unmesh Chandavarkar, Shashank Mohite, Siddharth Joshi, Keshab Baruah, Vidit Patankar, Smit Vaidya, Chaitanya Shinde, Ekagra Upadhyay, Tanuj Manchanda, Dipanshu Tiwari, Abhishek Sharma, Nitin Karandikar & Nishad Joshi
Song Recorded by Vijay Dayal at YRF Studios 
Assistant: Sagar Sathe
Additional Recording by A Manivannan at Living Water Studios.
Song Mixed and Mastered by: Eric Pillai at Future Sound of Bombay 
Assistant Mixing Engineer: Michael Edwin Pillai 
Vocals recorded @ Studio 504
Engineer: Rahul M Sharma
Assistant: Priyank Tayal
Mithoonâ€™s Manager: Vijay Iyer 
Mithoonâ€™s Staff: Ganesh Raut & Sanjeev Utekar
Original Song Licensed Courtesy: Ishtar Music (Believe Music India)
Music Label: T-Series

Film Credits:
â€‹Cast: Sunny Deol, Varun Dhawan, Diljit Dosanjh, Ahan Shetty, Mona Singh, Sonam Bajwa, Anya Singh, Medha Rana
Directed By: Anurag Singh
Produced By: Bhushan Kumar, Krishan Kumar
Produced By: JP Dutta, Nidhi Dutta
Co-Producer: Shiv Chanana
Co-Producer: Binnoy K Gandhi
President (T-Series): Neeraj Kalyan
Story: Nidhi Dutta
â€‹Screenplay & Dialogues: Sumit Arora, Anurag Singh
DOP: Anshul Chobey
Production Design: Mayur Sharma
Supervising Producer: Siddhi Dutta
â€‹Executive Producer: Ashwini Kumar
Editor: Manish More
Costume Designer: Sheetal Sharma
â€‹Music: Anu Malik, Mithoon, Vishal Mishra, Sachet-Parampara, Gurmoh
â€‹Lyrics: Javed Akhtar, Manoj Muntashir Shukla, Kumaar, Kausar Munir
â€‹Background Music: John Stewart Eduri
â€‹Sound Designer: Nihar Ranjan Samal
Mix & Master: Eric Pillai @ Future Sound of Bombay
â€‹Finance Head: Rachna Bhagat
â€‹Casting Director: Mukesh Chhabra CSA
â€‹Action Director: Ravi Varma, Nick Powell, Parvez Shaikh, Allan Amin
â€‹Director Of Choreography: Raju Khan, Ganesh Acharya
â€‹Associate Director: Harshit Bhatia
â€‹1st Assistant Director: Sarvesh Shingre
â€‹Line Producer: Amit J. Chaudhary, Santosh Rai
â€‹Post Producer: Ankush Dhawan
â€‹Re-Recording Mixer: Debajit Changmai
â€‹VFX: Redefine, Labyrinth
â€‹VFX Supervisor: Vishal Anand, Soumen Das
â€‹VFX Creative Head (Labyrinth): Siddhartha Jayakar
â€‹DI: Prime Focus Ltd.
DI Colorist: Ashirwad Hadkar
â€‹Music On: T-Series
â€‹Project Head (T-Series): Meghha Chheda
â€‹Music Head (T-Series): Shivam Chanana
â€‹Music Marketing Head (T-Series): Vivin Sachdeva
â€‹Film Marketing Lead (T-Series): Neel Mehta
â€‹Film PR Lead (T-Series): Rahul Dubey
Film Digital Marketing Lead (T-Series): Shahrukh Khan
â€‹Film Marketing & Promotions (T-Series): Mita Choudhary, Heett Savla
Music Team (T-Series): Raj Chanana, Sonal Chawla, Sonu Srivastava, Vivin Sachdeva
Music Marketing Team (T-Series): Sana Shaikh, Raisa Ghosh
Digital Team (T-Series): Varun Arora, Juhi Singh, Praveen Sharma
â€‹Publicity Design: Parass Kanani (House Of Awe)
â€‹Digital Marketing: White Rivers Media
â€‹Visual Promotions: Just Right Studioz NX

#BORDER2 #GharKabAaoge #SandeseAateHai

[Sandese Aate Hai, Sandeshe Aate Hain, Ghar Kab Aaoge, Border 2, Sunny Deol, Varun Dhawan, Diljit Dosanjh, Ahan Shetty, Mona Singh, Sonam Bajwa, Anya Singh, Medha Rana, Anu Malik, Javed Akhtar, Mithoon, Manoj Muntashir Shukla, Sonu Nigam, Roop Kumar Rathod, Arijit Singh, Vishal Mishra, Diljit Dosanjh]

ğŸ‘‰ Subscribe to T-Series:  https://www.youtube.com/tseries
ğŸ‘‰ Like us on Facebook:  https://www.facebook.com/tseriesmusic
ğŸ‘‰ Follow us on X:  https://x.com/tseries
ğŸ‘‰ Follow us on Instagram:  https://www.instagram.com/tseries.official
ğŸ‘‰ Follow us on Snapchat:  https://www.snapchat.com/@tseriesonsnap",hindi songs 2026 hindi songs new bollywood songs 2026 bollywood movies 2025 tseries tseries songs ghar kab aaoge border 2 sandese aate hai ghar kab aaoge full song lyrics sandeshe aate hain sandeshe aate hain song ghar kab aaoge arijit singh sandeshe aate hain arijit singh ghar kab aaoge sonu nigam sandese aate hai song ghar kab aaoge full song sandese aate hai full song sandese aate hai song lyrics sunny deol border 2 ghar kab aaoge border 2 lyrics,10,2026-01-24T09:30:04Z,1069603,16783,785,GB
2zFlAaapQy4,M HUNCHO - CHAMPIONSHIP,"Follow M Huncho

ğŸ¹ Kalo
ğŸ†: https://m-huncho.lnk.to/CHAMPIONSHIP

Instagram: https://MHuncho.lnk.to/instagramID
TikTok: https://MHuncho.lnk.to/tiktokID
Facebook: https://MHuncho.lnk.to/FacebookmhtvID
Twitter: https://MHuncho.lnk.to/twitteraccID
Twitch: https://MHuncho.lnk.to/twitchID
Website: https://MHuncho.lnk.to/HomeID",#MHuncho Kalo Championship Wenger Henry Arsenal Trap wave Trap Wave Rap 10K Projects UK Rap UK Hip Hop Melody Winners M Huncho Huncholini,10,2026-01-22T20:00:06Z,172878,10229,460,GB
JO6CRRzgNKI,Danya - Sigur te blesteama mama | Official Video,"AbonaÈ›i-vÄƒ la canalul meu pentru mai multe noutÄƒÈ›i
Subscribe https://www.youtube.com/@DANYAOFFICIAL 
Toate drepturile rezervate artistei Â© & Â® DANYA 

MUZICA - Edy Talent 
TEXT - Liviu Simo

Follow ğŸ”¥ DANYA
Tiktok â–º https://www.tiktok.com/@danyaofficialromania
Instagram â–º https://www.instagram.com/danyaofficial1
Facebook â–º https://www.facebook.com/DANYA-572722846543513

Stream â™« Download :
â™« Spotify â–º https://open.spotify.com/artist/6cxA487kXi0tEBlqfdsmtO
â™« Apple â–ºhttps://music.apple.com/us/artist/danya/322037276

Nu copia sau reposta pe alte canale , adaugÄƒ la favorite !

#Danya #Manele",,10,2026-01-24T10:00:08Z,67669,3247,87,GB
2l80IYqESOg,Teeway - Flashbacks [Music Video] | GRM Daily,"ğŸš¨ SUBSCRIBE: http://bit.ly/GRMsubscribe  

ğŸ“² FOLLOW: @grmdaily

ğŸ“° VISIT: http://grmdaily.com/

ğŸ§ PLAYLISTS: https://grm.lnk.to/playlist",Music GRM GRM Daily Video music video pop music Drill Music UK Drill Grime UK Music grimedaily teeway flashbacks,10,2026-01-22T20:00:07Z,109920,4404,164,GB
lbZlBSDRzKo,Jawid Sharif - Telaa ra beyaren | Ø¬Ø§ÙˆÛŒØ¯ Ø´Ø±ÛŒÙ - Ø·Ù„Ø§ Ø±Ø§ Ø¨ÛŒØ§Ø±ÛŒØ¯,"Please take a moment and subscribe to my channel. Thank you
ğŸ‘‡ğŸ‘‡
http://bit.ly/JawidSharif_YouTube 
#jawidsharif #goldtradition #jewellery #newafghansong #bestafghansong 

Artist: Jawid Sharif
Song: Telaa ra beyaren
Lyrics: Naser Nejat
Composer: Jawid Sharif
Camera: Tanweer Videos
Produced by JS Music Production 
Jawid Sharif - Distinctive and Unique

www.jawidsharif.info
Â© 2026 JS Music Production. All rights reserved.

Jawid Sharif 2026
Jawid Sharif - Distinctive and Unique
Afghan Gold Tradition for Bride
Jewellery Afghan Style
Mast Song
Afghan Mast Song 2026
New Afghan Song 2026
Afghan Weddings Song
Luxury Afghan Wedding 
Afghan Couple Dance
Afghanistan 2026
Best Afghan Song 2026
Tanweer Wedding
Tela 
Gold Tradition
Afghan Gold Tradition for Bride
Jawid Sharif Music Production
Ø¬Ø§ÙˆÛŒØ¯ Ø´Ø±ÛŒÙ
Ø·Ù„Ø§ Ø±Ø§ Ø¨ÛŒØ§Ø±ÛŒØ¯",tanweer goldtradition jawidsharif afghanmusic2026 afghantradition afghanwedding mastssong qataghani luxurywedding jewellery,10,2026-01-24T17:00:41Z,76461,1531,67,GB
F8cU_VIFeNw,Gedi Utte (Official Video) Laddi Chhajla | Sargi Maan | Latest Punjabi Song | New Punjabi Song 2026,"Leaf Records Presents

Song - Geri Utte
Singer - Laddi Chhajla and Sargi Maan
Music - Gaiphy
Lyrics - Laddi Chhajla
Mix Master - Sumit Grover
Video Director - Hitesh Arora

Lyrics
Ji pind laalea tu mud da ni jatta
Belia ton bina kite turda ni jatta
Yaariyan te baazi  layi baitha jaan di veh
Ture mere nal taur banje rkaan di veh
Fikra ch rang jatta pe gya fikka

Tainu khul deke
Tainu khul deke veh je paa lya bappu ne mainu nazro bachundi maata laundi rahi tikka
Tainu khul deke veh je paa lya bappu ne mainu nazro bachundi bebe laundi rahi tikka

Pinda aalea da ji kitho chandigarh lagge
Tommy ki rauph payea jatta de eh fabbe
Jatt warga dikhe ta dasi unj bhawe 20 dekh
Fortuner na khda shed thhale 3630 dekh
Akada garoor kude sab bhan dine aa

Je Aayie gedi utte 
Aayie gedi utte layie sadka da chitt mehfla ch baithie ta rang ban dine aa
Aayie gedi utte layie sadka da chitt 
Je mehfla ch baithie ta rang ban dine aa

Geda SD v kad kde PU gede maarda veh
Bathale jatta nal mai sehlia nu saad da veh
Stich karwayea suit kal eh nwa
Je blawe jatta tu pa k coffee te aawa
Mai ta gharde mnalu eh ta masla nikka

Tainu khul deke
Tainu khul deke veh je paa lya bappu ne mainu nazro bachundi maata laundi rahi tikka

Khda ser te season kude awaja maarda
Aaji khet e dikhau daat painda thar da
Jaani ud teri malwe de rete ch madak ni
Hun aali chehre ute rehnia na chamak ni
Bayie moter te nitt eh te nitt thodi peene aa

Je Aayie gedi utte 
Aayie gedi utte layie sadka da chitt mehfla ch baithie ta rang ban dine aa
Aayie gedi utte layie sadka da chitt 
Je mehfla ch baithie ta rang ban dine aa

Jatta Bajan salute good area ch teri
Khadi kille te yaara de dilbag di basheri
Mere tere ch tera v rahe cupa ch rujhaan
Manuke jiwan fikke paawe vadde sahan
Je gal chhajla te aagyi munde don gye hikka

Tainu khul deke
Tainu khul deke veh je paa lya bappu ne mainu nazro bachundi maata laundi rahi tikka

#newpunjabisong #latestpunjabisongs #laddichhajla #sargimaan",Gedi Utte new song Gedi punjabi song Laddi Chhajla Laddi Chhajla New Song Latest Punjabi Song 2026 New Punjabi Song 2026 New Song Punjabi Sargi Maan Song Trending Punjabi Song latest punjabi songs new punjabi songs punjabi new song punjabi songs punjabi t,10,2026-01-24T12:01:06Z,175849,25250,1588,CA
wmH3OTUMxVo,AGG (Official Video) Pardeep Sran | Ashu Sidhu | New Punjabi Songs | Latest Punjabi Songs 2026,"Red Leaf Music & Goldy Kehal Presents Official Video of ""AGG"" New Punjabi Songs 2026, Latest Punjabi Song 2026 & Punjabi Songs 2026. Sung by Pardeep Sran . Lyrics are penned by Ashu Sidhu . Music is given by Shah Rehan. Video Directed by Roy rajput.

#newpunjabisong #latestpunjabisongs #punjabisong 

Song : AGG
Singer : Pardeep Sran
Lyrics : Composer : Ashu Sidhu
Music :  Shah Rehan
Mix Master : Dense
Featuring : Baljinder Bains
Producer : Goldy Kehal & Happy Kehal 
Dop : Jass Sudan
Edit Colour : yatin aroa 
Project by : Darvinder Bhullar
Outfit : thread houz
Styling :  prabh
Production : grewal production
Poster : Jd Creationz 

Directed By : Roy Rajput


All Rights Reserved. Â©ï¸Red Leaf Music

Enjoy and Stay Connected with #RedLeafMusic 


  
Agg  song, Agg a Jatt da putt agg v kendi a   punjabi song , tu das koi  , new song agg pardeep sran , pardeep Sran   new   song, pardeep Sran  all song, new punjabi song 2026,   song  punjabi , 3,13 song , punjabi song 2026, latest punjabi song, new punjabi songs 2026, punjabi songs 2026, punjabi songs ,new song 2026 ,latest song, punjabi songs new, club song pardeep Sran ,  latest punjabi songs 2026 ,latest punjabi songs ,new punjabi songs ,new, latest, punjabi, song, 2026 ,new punjabi song, latest punjabi song 2026   , punjabi viral songs , punjabi hits songs 2026 , punjabi song   , sukh Lotey  all song , new punjabi songs 2026 , 3 13 song Pardeep Sran latest punjabi songs 2025 , all punjabi songs , all new punjabi songs , agg songs , agg",Pardeep Sran latest songs Pardeep Sran new song agg agg a Jatt da putt te agg v kendi a agg song Pardeep Sran latest punjabi songs 2026 latestpunjabisongs new punjabi songs 2026 newpunjabisongs popsongs punjabi hits 2026 punjabi songs 2026 punjabi viral s,10,2026-01-23T05:47:26Z,1438407,17758,434,CA
P5qeYIiBZug,World Change Me,"Provided to YouTube by The Orchard Enterprises

World Change Me Â· Max McNown Â· Adam Yaron Â· Mags Duval

World Change Me

â„— 2026 Fugitive Recordings

Released on: 2026-01-23

Producer: Adam Yaron
A And R Coordinator: Brandon Ebel
A And R Coordinator: Greg Johnson
Music Publisher: Max McNown (BMI)
Music Publisher: Sony Tree Publishing (BMI)
Music Publisher: Fugitive Songs Publishing (BMI)
Music Publisher: Max McNown Music (BMI)
Music Publisher: Adam Yaron Music (BMI)
Music Publisher: Songs with a Pure Tone (BMI)
Music Publisher: Warner-Tamerlane Publishing Corp (BMI)
Music Publisher: Music Of Big Family (BMI)
Music Publisher: In Honor of Alice Publishing (BMI)

Auto-generated by YouTube.",Max McNown Adam Yaron Mags Duval World Change Me,10,2026-01-22T10:04:21Z,62224,1902,39,CA
c8qXCL-ElfA,GAZO - QUE DES FAITS,"GAZO - QUE DES FAITS DISPONIBLE PARTOUT : https://gazo.lnk.to/Quedesfaits

Suivez Gazo :
https://www.instagram.com/gazo_officiel/#  
https://www.tiktok.com/@gazo.officiel
https://x.com/GazoMlg

RÃ©alisÃ© par SAADMOON et Gazo

#Gazo #Quedesfaits",,10,2026-01-23T11:23:01Z,1149024,37029,2109,CA
7YrerXMbAIA,Daler,"Provided to YouTube by Ditto Music

Daler Â· Iqbal Â· The Sam

Daler

â„— IQBAL

Released on: 2026-01-23

Lead Vocals: IQBAL
Music Director: The Sam
Composer: IQBAL .

Auto-generated by YouTube.",Iqbal The Sam Daler,10,2026-01-23T04:15:40Z,101960,3664,125,CA
cv5chGtfVTg,"Wizkid, Asake - Turbulence (Official Video)","Listen to the EP â€œREAL, Vol. 1 â€. Out Now!
Stream: https://music.empi.re/realvol1

#WizKid #Asake #EMPIRE

Official Video by ""Wizkid & Asake - Turbulence Â© 2026 Starboy Entertainment Ltd. / GIRAN Republic / EMPIRE",Wizkid Asake Starboy Entertainment Ltd. GIRAN Republic EMPIRE African,10,2026-01-22T23:01:01Z,1480726,43455,3206,CA
f7X_N19lkDs,Gangsta's Paradise (Soul/Blues),"Provided to YouTube by Ditto Music

Gangsta's Paradise (Soul/Blues) Â· Christopher JeeLey

Gangsta's Paradise (Soul/Blues)

â„— Edward Gray Music

Released on: 2026-01-20

Author: Leonardo Law
Lead Vocals: Leonardo Law
Producer: Leonardo Law
Composer: Leonardo Law

Auto-generated by YouTube.",Christopher JeeLey Gangsta's Paradise (Soul/Blues),10,2026-01-19T10:01:36Z,173752,4795,0,CA
6T18zHGq8x0,"The Police - Every Breath You Take (Top of the Pops, 1983)","The Police performing â€˜Every Breath You Takeâ€™ on BBC's Top of the Pops on 26th May 1983. Remastered in HD.

Sign-Up to The Police's official mailing list: https://ThePolice.lnk.to/sign-upID 

Stream Every Breath You Take: https://ThePolice.lnk.to/Every-Breath-You-TakeID
Stream more of The Police: https://thepolice.lnk.to/ListenID  
Subscribe to The Police YouTube: https://ThePolice.lnk.to/YTSubscribeID 
Watch more: https://ThePolice.lnk.to/OfficialVideosPlaylistID
Official store: https://thepolice.lnk.to/Store

Follow The Police online:
YouTube: https://ThePolice.lnk.to/YTSubscribeID 
Facebook: â€“ https://ThePolice.lnk.to/FacebookID
Instagram: - https://ThePolice.lnk.to/InstagramID
Twitter:  https://thepolice.lnk.to/TwitterID 
Newsletter: https://ThePolice.lnk.to/NewsletterID
Website:  https://ThePolice.lnk.to/WebsiteID

--

Lyrics:

Every breath you take and every move you make
Every bond you break, every step you take, I'll be watching you
Every single day, every word you say
Every game you play, every night you stay, I'll be watching you

Oh can't you see, you belong to me
How my poor heart aches with every step you take

Every move you make and every vow you break
Every smile you fake, every claim you stake, I'll be watching you

Since you've gone I've been lost without a trace
I dream at night I can only see your face
I look around, but it's you I can't replace
I feel so cold and I long for your embrace
I keep crying baby, baby, please

Oh can't you see, you belong to me
How my poor heart aches with every step you take

Every move you make and every vow you break
Every smile you fake, every claim you stake, I'll be watching you
Every move you make, every step you take, I'll be watching you

I'll be watching you
(Every breath you take, every move you make)
(Every bond you break, every step you take)
I'll be watching you
(Every single day, every word you say)
(Every game you play, every night you stay)
I'll be watching you
(Every move you make, every vow you break)
(Every smile you fake, every claim you stake)
I'll be watching you
(Every single day, every word you say)
(Every game you play, every night you stay)
I'll be watching you
(Every breath you take, every move you make)
(Every bond you break, every step you take)
I'll be watching you
(Every single day, every word you say)
(Every game you play, every night you stay)
I'll be watching you
(Every move you make, every vow you break)
(Every smile you fake, every claim you stake)
I'll be watching you
I'll be watching you
(Every single day, every word you say)
(Every game you play, every night you stay)
I'll be watching you

â€”

#EveryBreathYouTake #Synchronicity #ThePolice


Music video by The Police performing Every Breath You Take.Â© 2026 BBC",The Police UMC (Universal Music Catalogue) Pop Stranger Things The Police Band Rock Every Breath You Take,10,2026-01-16T15:05:00Z,828406,6076,233,CA
_c5TFBMjaj4,Alan Walker - Faded (Lyrics),"Alan Walker - Faded (Lyrics)
ğŸ§ Listen/Download: https://open.spotify.com/track/1VNbNTzQS0iIVrlaPXUthv
ğŸ”” Subscribe to get updates on new uploads!

â¡ï¸ Alan Walker
https://open.spotify.com/artist/7vk5e3vY1uw9plTHJAMwjN
https://www.instagram.com/alanwalkermusic

â¡ï¸ Luke Christopher
https://open.spotify.com/artist/787bCXOIvGeBw0Bc4kEjhD
https://www.instagram.com/aylukechristopher/

ğŸ“² Connect with SoundKream: 
http://soundkream.io

Follow us on Spotify: 
http://spotify.soundkream.io

ğŸ¤ Lyrics:

Where are you now?
Atlantis, under the sea, under the sea
Where are you now?
Another dream
The monster's running wild inside of me
I'm faded
Honestly you probably shouldn't listen to a word I say
Cause girl I feel like I've been dizzy for days
Would you do it if I asked you to stay
Or would you tell me it's a little too late
Cause if it is I'd be happy to fade
Said I'd pick a better time and a place
But if it's not and you still got monsters
My demons would be happy to play
Just look at everyone's faces
Y'know that they faded
Always escaping
I did too much taking
Now when you say shit
It feels it's nothin' like
When I had you girl
At least I had somethin' right
Deep like de ocean
Seizing the moment
My cards are showing
Where are you now?
Atlantis, under the sea, under the sea
Where are you now?
Another dream
The monster's running wild inside of me
I'm faded, I'm faded
So lost, I'm faded, I'm faded
So lost, I'm faded
And I don't mean to put on the pressure
But if you ever wanna do it to me again I probably would let ya
And I know it's a little bit extra
To say that I'm messed up's an understatement
It's time that I let go I'm done with hatin'
I hear music having me blasting
Life is steadily passing
And baby I'm not exaggerated
So Imma keep deep diving
Just to see where you hidin'
And if you aren't in the sea
I just wait until I dream
To see if I can find you
Where are you now?
Atlantis, under the sea, under the sea
Where are you now?
Another dream
The monster's running wild inside of me
I'm faded, I'm faded
So lost, I'm faded, I'm faded
So lost, I'm faded

ğŸ· Tags:
#alanwalker #faded #lyrics",alan walker faded lyrics faded alan walker lyrics alan walker lyric video faded lyric faded lyrics alan walker faded faded lyric video so lost i'm faded alan walker lyrics faded letra where are you now alan walker faded song faded official video alan walker faded remix faded cover alan walker faded alan walker i am faded edm throwback alan walker popular song edm song lyric lyrics faded remix,10,2026-01-16T19:00:00Z,660535,1659,18,CA
PoRgO7tdIJ4,LAURE X JAMESY - WE POKHARA (Produced By YOGESHBEATS) | NEW SONG 2026,"We Pokhara is a community based forum that connects Pokhreli living around the world in one mobile application. Stay connected, support each other and celebrate our Pokhreli identity - No matter where life takes us.

WE POKHARA
SPECIAL THANKS
Ashish Rana (Laure)
Noble Basnet (Jamesy)
Bipin Karki
Bijay Baral
Ananda Thapa (Jay Ravaan)
Sanzoo Sunar
Dinesh Sunar
Becky Shrestha

ğŸ§ Listen Now On: 
Spotify: https://open.spotify.com/album/2AdkJWuAC30g37AOls4d4y
YouTube Music: https://music.youtube.com/watch?v=CAAbqkDRKE4
Apple Music: https://music.apple.com/us/song/pokhara-ma/1870883882
Amazon Music: https://music.amazon.com/tracks/B0GHZCWJ4M

VOCAL & LYRICS
Laure & Jamesy

PRODUCED BY
Yogesh Beats

MIXING & MASTERING
Deepak Lama

RECORDING
Pulse Recording Studio

VISUAL by Bixo Studio
Abis Thapa
Amrit Rai
Akarshan Acharya
Nischal Magar

FEATURED
Pokhara Creators Hub
Seema Poudel
Aashika Thapa
Sandhya GC
Kamal Gurung
Shiva Gurung
Kevin Baral
Rohit Giri
California Garden

BOKA RIDERS
365 MOTORS
ENDURO NEPAL
LEKHNATH CLASSIC HUB WOMANIYA
SUBASH THAPA (JHONNY)
SALUTE GORKHA NEPAL
MUAY THAI BOX POKHARA
BAGAR BHAIKHALAK
STAR CAFE 
POKHARA EYE

Digital Rights Manager: Ashim KC https://facebook.com/kcashim

Follow Laure:
Instagram: https://www.instagram.com/the.laure
Facebook: https://www.facebook.com/Laure.official
TikTok: https://www.tiktok.com/@the_laure

Â© & â„— 2026 Ashish Rana AKA Laure

Unauthorized downloading and uploading on YouTube channel is Strictly Prohibited ğŸš«",Laure Lahure Laure Nephop Laure Rap Battle Ashish rana ashish rana song laure song laure nepali nephop song nepali rap song uniq vs laure video nephop gang bad kompany pokhara nepali music video kabita nepali video laure music video jamesy nepali pokhara ma pokhara maa laure pokhara maa jamesy,10,2026-01-22T14:45:07Z,466615,41267,2108,AU
19gpJAFL5zA,Khush Bandeya Nu (Official Video) | Satinder Sartaaj | Liberation EP | Punjabi Song 2026,"#satindersartaaj #khushbandeyanu #liberation 

Presenting the Punjabi Song â€œKhush Bandeya Nu"" from An Audio EP  â€à¨–à¨¼à©à¨¦-à¨®à©à¨–à¨¤à¨¾à¨°à©€ Liberationâ€ by Satinder Sartaaj. 

Enjoy and stay connected with us and Subscribe to our channel ğŸ‘‰https://www.youtube.com/@Satinder-Sartaaj

Khush Bandeya Nu

â­ï¸ Credits â­ï¸

âŸ Song: Khush Bandeya Nu
âŸ Singer/Lyrics & Composer: Satinder Sartaaj
âŸ Music: Black Virus
âŸ Project By: Harmandeep Singh
âŸ Mix/Master: Sameer Charegaonkar
âŸ Youtube Management: Pixilar Studios
âŸ Video By: Pixilar Studios Team

à¨–à¨¼à©à¨¸à¨¼ à¨¬à©°à¨¦à¨¿à¨†à¨‚ à¨¨à©‚à©°â€¦
To the Truly Happy Onesâ€¦

à¨–à¨¼à©à¨¸à¨¼ à¨¬à©°à¨¦à¨¿à¨†à¨‚ à¨¨à©‚à©° à¨¹à¨¾à¨²à©‡ à¨¤à©‚à©° à¨¤à¨¾à¨‚ à¨®à¨¿à¨²à¨¼à¨¿à¨† à¨ˆ à¨¨à¨¹à©€à¨‚
à¨œà¨¿à¨¹à©œà©‡ à¨®à¨¿à¨²à¨¼à©‡ à¨¨à©‡ à¨¬à©‡à¨šà¨¾à¨°à©‡ à¨¬à©±à¨¸ à¨•à¨¾à¨®à¨¯à¨¾à¨¬ à¨¨à©‡ !
à¨†à¨¹ à¨œà¨¼à¨°à©‚à¨°à¨¤à¨¾à¨‚ à¨¤à¨¾à¨‚ à¨›à©±à¨¡à©‹ à¨¹à©‹ à¨—à¨ à¨¸à©à¨ªà¨¨à©‡ à¨µà©€ à¨ªà©‚à¨°à©‡,
à¨¤à¨¾à¨‚ à¨µà©€ à¨†à¨–à¨¦à©‡ à¨°à¨¹à¨¿à©°à¨¦à©‡ à¨•à¨¿ à¨²à©‡à¨– à¨¹à©€ à¨–à¨¼à¨°à¨¾à¨¬ à¨¨à©‡ !

You have not yet met the truly happy ones;
Those you have met, are only the successful.l once !
leave the needs aside even the dreams are fulfilled ; Yet they always mourn about their fate !

à¨œà¨¿à¨¨à©à¨¹à¨¾à¨‚ à¨–à¨¼à©‘à©à¨µà¨¾à¨¬à¨¾à¨‚ à¨¤à©‡ à¨¹à¨•à¨¼à©€à¨•à¨¼à¨¤à¨¾à¨‚ â€˜à¨š à¨µà¨¾à¨•à¨¼à¨¿à¨«à¨¼à©€ à¨µà¨§à¨¾à¨ˆ !
à¨œà¨¿à¨¨à©à¨¹à¨¾à¨‚ à¨–à¨¼à©‘à©à¨µà¨¾à¨¹à¨¿à¨¸à¨¼à¨¾à¨‚ à¨¤à©‡ à¨²à©‹à©œà¨¾à¨‚ à¨µà¨¿à©±à¨š à¨¸à©à¨²à©à¨¹à¨¾ à¨•à¨°à¨µà¨¾à¨ˆ !
à¨œà¨¿à¨¹à¨¨à©‚à©° à¨†à¨ªà¨£à©‡ à¨¹à©€ à¨…à©°à¨¦à¨°à©‹à¨‚ à¨–à¨¼à©à¨®à¨¾à¨°à©€ à¨²à©±à¨­ à¨†à¨ˆ
à¨“à¨¹à¨¤à©‹à¨‚ à¨¨à¨¸à¨¼à©‡ à¨¦à¨¾ à¨¹à©à¨¨à¨° à¨¸à¨¿à©±à¨–à¨¿à¨† à¨¸à¨¼à¨°à¨¾à¨¬ à¨¨à©‡ !
Those who reconciled dreams with reality,
Who made peace between desires & necessities!
Who discovered ecstasy within themselvesâ€”
From them, even wine learned the art of being the intoxication !

à¨œà¨¦à©‹à¨‚ à¨¸à¨¿à©±à¨– à¨²à¨¿à¨† à¨¹à¨° à¨ªà¨² à¨®à¨¾à¨¨à¨£à¨¾ à¨‰à¨¦à©‹à¨‚ à¨¹à©€ !
à¨¨à¨¿à©±à¨•à©‡-à¨®à©‹à¨Ÿà©‡ à¨¦à©à©±à¨–à¨¾à¨‚ à¨¨à©‚à©° à¨µà©€ à¨†â€™à¨œà©‚ à¨Ÿà¨¾à¨²à¨£à¨¾ à¨‰à¨¦à©‹à¨‚ à¨¹à©€ !
à¨œà¨¦à©‹à¨‚ à¨†à¨ª à¨œà¨¼à©‹à¨° à¨²à¨¾ à¨•à©‡ à¨•à©€à¨¤à¨¾ à¨šà¨¾à¨¨à¨£à¨¾ à¨‰à¨¦à©‹à¨‚ à¨¹à©€ ;
à¨ªà¨¤à¨¾ à¨²à©±à¨—à©‚ à¨¸à¨¾à¨¡à©‡ à¨²à¨ˆ à¨œà©‹ à¨•à©€à¨¤à¨¾ à¨†à¨«à¨¼à¨¤à¨¾à¨¬ à¨¨à©‡ !
When one learns to enjoy every moment, only then ; They learn to avoid the small sorrows !
When one creates light through oneâ€™s own effort, only then does one understand what the Sun truly does for us !!

à¨¹à¨¾à¨²à©‡ à¨œà¨¼à¨¿à©°à¨¦à¨—à©€ à¨¨à©‡ à¨•à¨¾à¨«à¨¼à©€ à¨¸à¨¾à¨°à©‡ à¨¸à¨¬à¨• à¨¸à¨¿à¨–à¨¾à¨‰à¨£à©‡ !
à¨¹à¨¾à¨²à©‡ à¨šà¨¾à¨¬à©€à¨†à¨‚ à¨—à©à¨†à¨‰à¨£à©€à¨†à¨‚ à¨¤à©‡ à¨¤à¨¾â€™à¨²à©‡ à¨šà¨®à¨•à¨¾à¨‰à¨£à©‡ !
à¨«à©‡à¨° à¨ªà¨¿à¨›à¨²à©€à¨†à¨‚ à¨¬à¨¾à¨°à©€à¨†à¨‚ â€˜à¨šà©‹à¨‚ à¨¦à¨¾à¨–à¨¼à¨²à©‡ à¨•à¨°à¨¾à¨‰à¨£à©‡ ;
à¨à¨¹à©‹ à¨¸à¨¾à¨°à©‡ à¨¹à©€ à¨¤à¨®à¨¾à¨¸à¨¼à©‡ à¨¬à©œà©‡ à¨²à¨¾-à¨œà¨µà¨¾à¨¬ à¨¨à©‡ !
Life still has many lessons left to teach;
Keys are yet to be lost & locks yet to be more teasing for that !
Entries must again be made through the back doors !
All these spectacles are remarkably wondrous !

à¨œà©‹ à¨µà©€ à¨¹à©‹à¨Šà¨—à¨¾ à¨œà©€ à¨¹à©‹à¨Šà¨—à¨¾ à¨¹à©ˆà¨°à¨¾à¨¨ à¨¹à©‹à¨£ à¨µà¨¾à¨²à¨¼à¨¾ !
à¨¹à©‹à¨‡à¨† à¨¦à©‡à¨° à¨¨à¨¾â€™ à¨¤à¨¾à¨‚ à¨¥à©‹à©œà©à¨¹à¨¾ à¨ªà¨°à©‡à¨¸à¨¼à¨¾à¨¨ à¨¹à©‹à¨£ à¨µà¨¾à¨²à¨¼à¨¾ !
à¨¤à¨•à¨¼à¨¦à©€à¨°à¨¾à¨‚ à¨¨à¨¾à¨²à¨¼ à¨œà©°à¨— à¨˜à¨®à¨¾à¨¸à¨¾à¨¨ à¨¹à©‹à¨£ à¨µà¨¾à¨²à¨¼à¨¾ ;
à¨à¨¸à©‡ à¨†à¨²à¨® à¨µà©€ à¨…à©±à¨—à©‡ à¨¬à©œà©‡ à¨¬à©‡-à¨¹à¨¿à¨¸à¨¾à¨¬ à¨¨à©‡ !
Whatever is to come will come as a surprise !
If it comes late, it will bring a little anxiety !
There will be fierce battles with destiny !
Such phases too are countless in coming life !

à¨à¨¸à©‡ à¨®à¨¸à¨²à©‡ à¨¤à¨¾à¨‚ à¨ªà©‚à¨°à©‡ à¨•à¨¹à¨¿à©°à¨¦à©‡ à¨›à¨¾à¨ª à¨µà©€ à¨¨à©€ à¨¹à©à©°à¨¦à©‡ !
à¨œà¨¦à©‹à¨‚ à¨ªà¨¤à¨¾ à¨²à©±à¨— à¨œà¨¾à¨‚à¨¦à¨¾ à¨“à¨¦à©‹à¨‚ à¨ªà¨¾à¨ª à¨µà©€ à¨¨à©€ à¨¹à©à©°à¨¦à©‡ !
à¨œà¨¿à¨¹à©œà©‡ à¨•à©°à¨® à¨°à©±à¨¬ à¨•à©‹à¨²à¨¼à©‹à¨‚ à¨•à¨¹à¨¿à©°à¨¦à©‡ à¨†à¨ª à¨µà©€ à¨¨à©€ à¨¹à©à©°à¨¦à©‡ ;
à¨“à¨¹à©€ à¨•à¨°à¨¨à©‡ à¨¹à©à©°à¨¦à©‡ à¨¨à©‡ à¨¬à¨¾à¨‚à¨¸à©à¨°à©€-à¨°à¨¬à¨¾à¨¬ à¨¨à©‡ !
Such matters are never fully published, it seems !
When it is realised then no one commit sins consciously ! 
The tasks which are even hard for the God Himself ; Those are the very tasks performed by the Divine Flute & the Rabab !!

à¨•à¨¿à¨¤à©‡ à¨¬à©‡à©œà©€à¨†à¨‚ à¨ªà©à¨šà¨¾à¨µà©‹ à¨•à¨¿à¨¤à©‡ à¨ªà©à¨²à¨¼ à¨¬à¨£à¨µà¨¾à¨ˆà¨ !
à¨•à¨¿à¨¤à©‡ à¨›à¨¾à¨µà¨¾à¨‚ à¨¬à©€à¨œà©€à¨ à¨¤à©‡ à¨•à¨¿à¨¤à©‡ à¨¨à¨¿à©±à¨˜ à¨µà¨°à¨¤à¨¾à¨ˆà¨ !
à¨¸à¨°à¨¤à¨¾à¨œ à¨¸à¨¿à¨†à¨‚ à¨—à©€à¨¤ à¨¸à¨¾à¨‚à¨ à¨ªà¨¾à¨‰à¨£ à¨µà¨¾à¨²à¨¼à¨¾ à¨—à¨¾à¨ˆà¨ !
à¨“ à¨¤à¨¸à©±à¨²à©€ à¨¦à©‡à¨£ à¨µà¨¾à¨²à¨¼à©‡ à¨à¨¹à©€ à¨¤à¨¾à¨‚ à¨¸à¨µà¨¾à¨¬ à¨¨à©‡ !
We must send the boats to cross the river !
Somewhere we must build bridges !
Somewhere we sow shade, somewhere we must send the warmth in the harsh cold !
O Sartaaj, sing songs that create communion ;
This, indeed, is true virtue to offer consolation !!


Follow Us On
Youtube: https://www.youtube.com/@Satinder-Sartaaj
Instagram: https://www.instagram.com/SatinderSartaaj
Facebook: https://www.facebook.com/SatinderSartaaj

Enjoy & Stay Connected With us !",2026 punjabi songs khush bandeya nu khush bandeya nu satinder sartaaj latest punjabi song latest punjabi song 2026 latest punjabi song this week latest punjabi songs latest punjabi songs 2026 liberation ep new punjabi hits new punjabi son new punjabi song,10,2026-01-22T13:33:17Z,559570,8996,499,AU
q2GkAf_GQes,Old Money : Tarsem Jassar (Official Video) | Deep Jandu | New Punjabi Song 2026,"Speed Records presents â€œOld Moneyâ€, a Punjabi pop song by Tarsem Jassar from the album â€œWorld Is Yoursâ€. Driven by energetic beats and a classy, old-school vibe, the track is perfect for parties, letting you dance your heart out, and makes a great addition to your daily gym or workout playlist for an instant energy boost. Check out the song now!!

#OldMoney #WorldIsYours #TarsemJassar #TarsemJassarSongs #PunjabiSong #NewSong #PunjabiPopSong #PopMusic #PunjabiHitSongs #SpeedRecords #PunjabiSongs 

Streaming Links :
Insta
https://www.instagram.com/reels/audio/2305381593301597

Spotify
https://open.spotify.com/track/6R5LyPX1PTsaq8K9zCFd1l

Amazon Music
https://music.amazon.in/tracks/B0GH84WG74

Apple Music
https://music.apple.com/in/song/old-money/1870020634

Gaana
https://gaana.com/song/old-money-8591-7086

JioSaavn
https://www.jiosaavn.com/song/old-money/JBk4VythQnI

YouTube Music
https://music.youtube.com/watch?v=-kqNAKUDsoI&si=TQHZyeKrEBdIPVmY

Credits :
Artist - Tarsem Jassar
Music - Deep Jandu
Composer - Tarsem Jassar, Deep Jandu
Lyrics - Tarsem Jassar
Female Vocals - Veera Takkar 
Mix Master - Adam Fair
Video - @gurjant.panesar
Dop/edit - @gursimran_panesar
Vfx/cgi - @2069studio
Colorist - @xpahul


Like || Share || Spread || Love 
  
Enjoy & stay connected with us!
â–º Subscribe to Speed Records : http://bit.ly/SpeedRecords
â–º Like us on Facebook: https://www.facebook.com/SpeedRecords
â–º Follow us on Twitter: https://twitter.com/Speed_Records
â–º Follow us on Instagram: https://instagram.com/speedrecords
â–º Follow on Snapchat : https://www.snapchat.com/add/speedrecords 

Speed Records Haryanvi
Youtube: https://bit.ly/2kSrhZK
Instagram: https://www.instagram.com/speedharyanviofficial 

Speed Records Bhojpuri - 
Youtube: https://bit.ly/2y8HSez
Instagram: https://bit.ly/2xM2WYL
Snapchat: https://www.snapchat.com/add/speedbhojpuri

Oops TV -
Oops TV Facebook Link - https://m.facebook.com/oopstvfun/

Poon Poon - 
Snapchat - https://www.snapchat.com/add/poonpoon0001
Youtube - http://bitly.com/2hwYOnx
Facebook - https://www.facebook.com/officialpoonpoon
Instagram - https://instagram.com/poonpoonofficial",Old Money Tarsem Jassar tarsem jassar new song tarsem jassar all songs tarsem jassar old money punjabi song new punjabi song trending song punjabi new song punjabi song dance punjabi music new song punjabi party song punjabi dj song punjabi hit song trending punjabi songs trending new song punjabi gane punjabi song new punjabi song 2026 punjabi party songs punjabi songs party all night song punjabi hits punjabi new song 2026 World Is Yours,10,2026-01-20T05:32:32Z,2394625,15236,568,AU
1_JNUlsEQEE,"Full Video: Sasirekha | Mana ShankaraVaraPrasad Garu | Chiranjeevi, Nayanthara | Bheems | Anil R","Hereâ€™s the â€œSasirekhaâ€ Full Video Song featuring the legendary Chiranjeevi alongside Nayanthara, from the Mega Sankranthi Blockbuster Mana Shankaravaraprasad Garu - Pandagaki Vasthunnaru directed by Anil Ravipudi. With energetic music by Bheems Ceciroleo, 

This Full Video gives a powerful glimpse into the fun, mass, and musical vibe of the film.

#Sasirekha #fullvideo #Chiranjeevi #Nayanthara #BheemsCeciroleo
#AnilRavipudi #ManaShankaravaraprasadGaru #Tollywood
#ChiranjeeviNewMovie #TeluguCinema

#Sasirekha #fullvideo #Chiranjeevi #Nayanthara #Bheems #AnilRavipudi #ManaShankaravaraprasadGaru #Tollywood #ChiranjeeviNewMovie #Sasirekha #TeluguCinema
------------------------------------------ 
Connect with T-Series Telugu: ğŸ‘‰ http://bit.ly/SubscribeToTseriesTelugu
------------------------------------------
ğŸ¶ Music Slate ğŸ¶
Song: Sasirekha
Album/Movie: Mana Shankaravaraprasad Garu
Artist Name: Chiranjeevi,Nayanthara
Singer: Bheems Ceciroleo,Madhupriya
Music Director: Bheems Ceciroleo
Lyricist: Anantha Sriram

ğŸµ Musicians CreditsğŸµ
Song Composed And Arranged by Bheems Ceciroleo 
Keyboards & Rhythms - Dathu Eswar
Rhythms- Kalyan Chakravarthy
Additional Keyboards - Balu
Additional Vocals - Dathu Eswar
Female Harmony Vocals- Jayasri Pallem
Male Chorus - Arjun Vijay, Tusher Sambhara, Bharadwaj Krishna
Female Chorus- Sindhuja Srinivasan, Lakshmi Meghana, Manisha Pandranki
Kids Chorus- Vagdevi, Shragvi, Sri Harini Pallela,
Vocals Recorded @ A Bheems Musicals And Jubilee10 Studio
Recording Engineers - Mastan Vali, Rakesh Mickey
Vocals Melodyne & Song Pre-Mixed by Mastan Vali
Song Mixed & Mastered by 
Shadab Rayeen(New Edge - Mumbai)
Music Production Manager :
Malya Kandukuri
Studio Assistants-Sankaram, Rajesh

ğŸ¬ Movie Details ğŸ¬ 
Movie Name: Mana ShankaraVaraprasad Garu  
Cast: Megastar Chiranjeevi, Victory Venkatesh, Nayanthara, Catherine Tresa, VTV Ganesh,  

Technical Crew:  
Writer & Director - Anil Ravipudi
Producers - Sahu Garapati and Sushmita Konidela
Presents - Smt.Archana
Banners - Shine Screens and Gold Box Entertainments
Music Director - Bheems Ceciroleo
Cinematographer - Sameer Reddy
Executive Producer - S Krishna
Production Designer - A S Prakash
Editor - Tammiraju
Co-Writers - S Krishna, G AdiNarayana
Action - V.Venkat, Nabakanta Singh
VFX - Lavan & Kushan (DTM), Narendra Logisa, Knack Studios
Colorist: S Raghunath Varma ( DI B2H)
PRO - Vamsi Shekar
Marketing: Haashtag Media

Music Label: T-Series
---------------------------
Enjoy & stay connected with us!!

ğŸ‘‰Subscribe to T-Series Telugu: http://bit.ly/SubscribeToTseriesTelugu
ğŸ‘‰Like us on Facebook: http://www.facebook.com/Tseriestelugu
ğŸ‘‰Follow us on Instagram: http://bit.ly/InstagramT-SeriesSouthOffical
ğŸ‘‰Follow us on Twitter: http://bit.ly/TwitterT-SeriesSouthOffical
ğŸ‘‰Follow us on Whatsapp: https://bit.ly/4cGF0YV
ğŸ‘‰Follow us on SnapChat: https://bit.ly/4jpOwCC 
Thanks Everyone for Watching Our Latest Telugu Song 2025. If you like the song then Please SUBSCRIBE Our Channel With Bell Icon to get notification of all of our newest releases. Will Make Sure to provide best Telugu songs of all time.",Telugu New song Telugu Songs T-Series Telugu Video Songs Telugu Hit songs telugu hit songs telugu songs Latest Telugu Songs 2025 sasirekha Full Video chiranjeevi sasirekha nayanthara sasirekha bheems music anil ravipudi movie sasirekha Video Song chiranjeevi new movie Song nayanthara new film bheems mass song chiranjeevi nayanthara anil ravipudi entertainer telugu trending Video mega star chiranjeevi msg song msg sasirekha Video Full Video: sasirekha,10,2026-01-23T05:30:02Z,1512616,23733,528,AU
B3K2rYU576c,"Maula Hussain Jaan | Nadeem Sarwar, Ali Shanawar & Ali Jee | 2026 / 1447","â€œPyara, Pyara Hai Ye Naam, Maula Hussain (as) Jaanâ€

#MaulaHussainJaan #2026 #NadeemSarwar #AliShanawar #AliJee


Â© 2026 Royall Records. All Rights Reserved.


Reciter: Nadeem Sarwar, Ali Shanawar & Ali Jee
Central Idea / Composition: Nadeem Sarwar, Ali Shanawar & Ali Jee
Poetry: Nadeem Sarwar & Jawad Jaffri  (Special Thanks  - Dr Hilal Naqvi)
Language(s) Recited In: Urdu.


Thank you to everyone who attended Jashan-e-Maula Hussain (as) Jaan.


This composition partly draws inspiration from the well-known traditional piece, ""Molla Mammad Jan"", with origins in Khorasan dating back over a century.



AUDIO PRODUCTION:

Chief Audio Engineer: Muhammad Omar Qureshi
Special Co-Operation & Acknowledgement: Muhammad Ishaq Nazir
Assistant Audio Engineers: Owais Qureshi & Hassan Qureshi
Audio Recording & Structuring: Royall Records Studios (Sydney, Australia)
Backing Vocals: Ali Shanawar & Ali Jee


TEAM SAFEER-E-AZA:

Team Organiser: Asim Jaffri
Organising Team: Tajdar Hussain, Qamber Ali, Farhan Hussain, Adnan Jaffri, Uzair Rizvi, Kashif Jaffri, Qasim Jaffri, Nazish Jaffri, Farjad Haider, Ijlal Jaffri, Murtaza & Aliyaan.
Graphics Designer: Abu Talib
Social Media Management: Mustafa Zaidi
IT & Technical Support: Ali Abbas


VIDEO PRODUCTION:

Video Concept / Central Idea: Nadeem Sarwar, Ali Shanawar & Ali Jee

Video Director: Syed Jari Khushnood Naqvi
Director of Photography (DOP): Shoaib Suleman Razzaq
Assistant Director(s): Syed Hassan Imam, Usman Zahoor & M Junaid
Art Director:  S Abbas Tahir Naqvi
2nd DOP: Asad Aly
FPV Drone: MeerFPV
Camera Lights and E.N.G: LightSource 
Focus Puller: Hasan Raza
Gaffer: M Daniyal
Production Manager: Asim Jaffri

Post-Production Head: Zarak Qaimkhani
Editor: Syed Zaighum Ali Zaidi
Colorist: Syed Zaighum Ali Zaidi
Post House: Black Odyssey Films (BOF)
VFX Specialist: Syed Shahbaz Ali Zaidi



Producers: Nadeem Sarwar, Ali Shanawar & Ali Jee
A&R Representative: Ali Hussain
Record Label: Royall Records


Special Thanks & Acknowledgement: Imran Abidi, Barkat Ali Moosavi, Mehdi Moosavi, Baquer Rashti, Abbas Mirza, Ali Haider, Taha Imam & Kazim Shah.



2026 Â© & â„— Copyright Information: 

â€¢ This video is protected under international Digital Millennium copyright act.
â€¢ All Rights of Nauhas, Manqabat (Sound Recording & Composition rights), artwork, logo, audio & video are reserved by Nadeem Sarwar, Ali Shanawar & Ali Jee.
â€¢  All content globally distributed and rights administered/reserved by Royall Records.



â½ Subscribe â½ https://goo.gl/XzuNVE ğŸ”” Stay updated!

Connect with Nadeem Sarwar:
Facebook:  https://www.facebook.com/syednadeemsarwar
Twitter:   https://x.com/snadeemsarwar
Instagram:   https://www.instagram.com/snadeemsarwar  
Official Website: http://safeer-e-aza.com/

Connect with Ali Shanawar:
Facebook:  https://www.facebook.com/alishanawar 
Twitter:     https://x.com/alishanawar1
Instagram:   https://www.instagram.com/alishanawar  
Snapchat: alishanawarR
Official Website: http://safeer-e-aza.com

Connect with Ali Jee:
Facebook:  https://www.facebook.com/syedalijeesarwar  
Twitter:   https://x.com/alijeesarwar
Instagram:    https://www.instagram.com/syedalijee  
Snapchat: syedalijee
Official Website: http://safeer-e-aza.com",Nadeem Sarwar Ali Shanawar Ali Jee Noha Nohay Matam New noha azadar murshid ghazi karbala mashallah badshah hussain nadeem sarwar 2019 salam ghazi abbas ka nara mola abbas nadeem sarwar new ali shanawar new ali jee new ya hussain noha new muharram noha kiya muhammad ka pyara dil e dukhtar maula hussain jaan new manqabat nadeem sarwar new manqabat imam hussain manqabat shaban kalam rajab kalam manqabat mola hussain jan mola,10,2026-01-23T09:00:07Z,918197,80125,6880,AU
BWfKkqo1Mk8,EXO ì—‘ì†Œ 'Crown' MV,"EXO's 8th album ""REVERXE"" is out!
Listen and download on your favorite platform: https://EXO.lnk.to/REVERXE

ğŸ  'I'm Home' MV https://youtu.be/7hTbNeHqGD8

[Tracklist]
01 Crown
02 Back It Up
03 Crazy
04 Suffocate
05 Moonlight Shadows
06 Back Pocket
07 Touch & Go
08 Flatline
09 Iâ€™m Home

Subscribe to EXO Official YouTube Channel!
www.youtube.com/@weareoneEXO?sub_confirmation=1

EXO Official
https://www.youtube.com/weareoneEXO
https://www.instagram.com/weareone.exo
https://twitter.com/weareoneEXO
https://www.tiktok.com/@weareone.exo_official
https://www.facebook.com/weareoneEXO

#EXO #ì—‘ì†Œ #Crown
#EXO_Crown #REVERXE
#weareoneEXO
EXO ì—‘ì†Œ 'Crown' MV â„— SM Entertainment",EXO ì—‘ì†Œ we are oneEXO EXO-K EXO-M ì—‘ì†Œì¼€ì´ ì—‘ì†Œì—  SUHO LAY CHANYEOL D.O. KAI SEHUN ìˆ˜í˜¸ ë ˆì´ ì°¬ì—´ ë””ì˜¤ ì¹´ì´ ì„¸í›ˆ REVERXE ë¦¬ë²„ìŠ¤ 8th album 8ì§‘ comeback ì»´ë°± Crown í¬ë¼ìš´ mv music video teaser ë®¤ë¹„,10,2026-01-19T09:00:14Z,29993183,563363,105776,AU
hrDb1DTNeXM,"KUMARI Movie | Official Trailer  | Abishek Khadka, Aakriti Rajbhandari  | Kehar Limbu","IN CINEMAS: 23 MAGH 2082 | 06 FEB 2026
FILM CREDITS ğŸ¬
Director: Dinesh Raut 
Producer: Mahendra Adhikari 
Executive Producer: Kedar Bhusal
Writer: Bikash Subedi 
DOP: Sushan Prajapati 
Editor/Colorist: Suprim Parajuli
Production Designer: Aashika Sharma
Chief Assistant Director: Dinesh Bahadur Rawat 

CAST
Abishek Khadka
Aakriti Rajbhandari 
Ghanshyam Joshi 
Sunita Shrestha 
Aakanksha Karki 
Madhu Khadka 
Sanam Shrestha 
Shaku Shah 
Saroj Lamichhane 
Manasa Sharma 

FILM CREW ğŸ¬ï¸
Production Manager: Manoj Joshi
Assistant Directors: Tarkaraj Neupane, Rajesh Raj Giri, Aayush Dahal 
Production Controllers: Bidhur Manandhar & Sudip Dhakal 
On Screen Poem: Riya Adhikari 
Sound Designer: Uttam Neupane 
Acting Coach: Sudam CK 
Choreographer: Kiran Thapa, Shishir Khati
Assistant Choreographer: Dawa Bal Tamang
Singer: Kehar Singh Limbu 
Lyricist: Kehar Singh Limbu, Suman Tamang, & Sagar Lamichhane Magar
Music: Kehar Singh Limbu, Suman Tamang 
Background Music: Sahas Shakya 
Media & Publicity Executive: Jiwan Parajuli 

TRIDENT CONCEPT TEAM
Poster/Publicity Design: Royal Bhimsen 
Publicity Manager: Gyanu Sangam Khadka
Graphic Designer: Hemant Baniya
Motion Graphics: Mayank Niraula

Costume Designer: Anjali Rijal 
Make Up Artist: Samara Joshi 
Hair: Sarswoti Shrestha 
Dressmen: Jiwan Kumar Pokharel 
Camera Person: Bishal Prajapati 
Camera Assistant: Purushottam Parajuli
BTS/Stills: Yagya Lal Gyawali 
Data Wrangler: Prakash Basnet 
Technical Adviser: Dipendra Kc
Accounts: Rajesh Raj Giri 
Art Assistant: Sajan Bastakoti, Amit Udas, Bishwa Raj Adhikari, Dhurba Karki & Tula Raj Chhetri
Ass. Hair: Ivika Shrestha 
Ass. Makeup: Aananya Adhikari 
Ass. Dress: Suraj Bhujel 
Location Sound Recordist: Munna Malakar 
Crowd Manager: Laxman Rasaili 
Artist Agency: Kalaghar ( Govinda Sunar ) 
Dancerâ€™s Group Management: Debraj Sapkota 
Transportation: Roshan Musikhal, Binam Tomet, Jit Bahadur Shrestha 
Kitchen & Spot: Ganesh Prasad Sapkota & Team 

DISTRIBUTERS 
In Valley: DCN
Out of Valley: Kuber Cine Distribution
Digital Partner: Kendra Motion Pictures 
Canada Distribution: Mero Events Inc. 

OUR PARTNERS
Celebration Partner: Kingshill Premium 
Wardrobe Partner: HUBA 
Mobile Partner: HTC 
Media partner: Thuloparda
Visual Post Production Studio: Intense Yield 
Audio Post Production: Linewood 
Publicity Design: Trident Concept 
Band Partner: Kehar & The Lunga 

FOR BUSINESS ENQUIRIES: 
Facebook : https://www.facebook.com/Kendramotionpictures
Email : kendramotion@gmail.com

Â© by Kendra Motion Pictures Pvt. Ltd

* Kendra Motion Pictures Pvt. Ltd is solo authorized company to upload this video. Uses of this video on other channels is strictly prohibited, if found proper action will be taken . (Embedding to the websites is allowed)

Enjoy & stay connected with us!

ğŸ‘‰ Subscribe to Kendra Motion Pictures :- https://www.youtube.com/kendramotionpictures
ğŸ‘‰ Like us on Facebook :-https://www.facebook.com/Kendramotionpictures/
ğŸ‘‰ Follow us on Instagram :- https://www.instagram.com/kendramotionpictures/
ğŸ‘‰ Follow us on Tiktok :- https://www.tiktok.com/@kendramotionpictures",Kumari Movie Kehar Singh Limbu Kendra Motion Pictures Doko Bunne Dinesh Raut Abishek Khadka Aakriti Rajbhandari Nepali Movie 2026 Kumari Nepali Movie Nepali Movie Trailer Nepali Full Movie Nepali Movie Songs Nepali Film Music Nepali Drama Movie Nepali Film Release Thuloparda Media Nepali Movie Update kata chau kehar limbu nepali movie trailer 2026,10,2026-01-24T14:45:06Z,373393,14005,674,AU
4R5zsoxjARk,DYSTINCT - TA3AL (Official Music Video) / Ø¯ÙŠØ³ØªØ§Ù†ÙƒØª - ØªØ¹Ø§Ù„,"Subscribe to our channel! 

Listen to 'DYSTINCT - TA3AL' in the link below

https://DYSTINCT-Official.lnk.to/TA3AL

â˜… DYSTINCT 
â€¢ https://www.instagram.com/dystinct1 
â€¢ https://www.tiktok.com/@dystinctofficial

â˜… YAM 
â€¢ https://www.instagram.com/yammusic

â˜… Unleaded 
â€¢ https://www.instagram.com/unleadedofficial

Lyrics: Iliass Mansouri, Mbarek Nouali
Music: Joao Luis Lima Pinto, Yassine Alaoui Mdaghri 

Director: Rik Louwerse
Creative Director: Nouaman El Mfadal
D.O.P: Jelle Bokelmann
2nd AC: Shahzaib Ulfat
Lighting spark: Junaid Rasool

Production: RockBrands
Creative Coordinator: Anis Popal - RockBrands
Dancers: RockBrands - Paco Entertainment

Edit: Rik Louwerse
Grading: Michel Blom
VFX: Daniel van Waardenburg
VFX clean up: Nick Palmen
Title: Daniel van Waardenburg

Desert: Aristo Desert - aristodesert.ae
Restaurant: Berenjak Dubai
Stuntman: @7mani.95 - @sidewheelie

Latest Releases: https://bit.ly/avalonmusicplaylist 

â‘ Avalon 
â€¢ http://www.avalonmusic.nl 
â€¢ https://instagram.com/avalonmusic 
â€¢ https://www.tiktok.com/@avalonmusic 
â€¢ https://twitter.com/avalonmusicnl 

[LYRICS]:
Tal3ab biya
kif lamine
jamal
dawkhatni
isma3 isma3 isma3
isma3 isma3 isma3

Ashrab wa7ed shay
wa akel basbossa
ya nari nari
ba7ibbak ya 3omri

Ta3al (ta3al)
ta3al (ta3al)
ta3al a7ibak ta3al
mood al - ghazal esh bik
beshwysh 3alay beshwysh

Ta3al (ta3al)
Ta3al (ta3al)
Ta3al a7ibak ta3al
mood al - ghazal esh bik
beshwysh 3alay beshwysh

hala hala hala hala hala 

La tguelli keef o ween w eshloon
madri eshloun madri
jamal la3youn ya khoy
khalani majnoun
ya khoyy khalani

Saba7 el kheer saba7 enour
nawartina habibi
Rane 3laya telefone
salam habibi salam

Ashrab wa7ed shay
wa akel basbossa
ya nari nari
ba7ibbak ya 3omri

Ta3al (ta3al)
Ta3al (ta3al)
Ta3al a7ibak ta3al
mood al  - ghazal esh bik
beshwysh 3alay beshwysh

Ta3al (ta3al)
Ta3al (ta3al)
Ta3al a7ibak ta3al
mood al - ghazal esh bik
beshwysh 3alay beshwysh

hala hala hala hala hala  

Atla3 atla3 atla3
Atla3 atla3 atla3
Atla3 fi Burj Khalifa wa fakkar fiha
same7ni ( hala ) excuse me ( hala)
tatkallam bel engliziya
I love you a7ibbak
wayli sho sayer fiya

Ashrab wa7ed shay
wa akel basbossa
ya nari nari
ba7ibbak ya 3omri

Ta3al (ta3al)
Ta3al (ta3al)
Ta3al a7ibak ta3al
mood al - ghazal esh bik
beshwysh 3alay beshwysh

Ta3al (ta3al)
Ta3al (ta3al)
Ta3al a7ibak ta3al
mood al - ghazal esh bik
beshwysh 3alay beshwysh

hala hala hala hala hala 
hala hala hala hala hala

#dystinct #ta3al #avalonmusic

Â© 2026 Avalon Music",dystinct yama dystinct yama dystinct yama lyrics ta3al dystinct ta3al yama dystinct dystinct d block europe dystinct ayouba ayouba dystinct young adz j balvin dystinct la dystinct j balvin dystinct tek tek dystinct ma3lich dystinct j balvin como tu dystinct dvm j balvin dystinct j balvin x dystinct reg deg dystinct mhd dystinct spanish dystinct jul princesa dystinct morad dystinct rs6 dystinct spider dystinct ghazali,10,2026-01-16T13:00:07Z,4758259,82867,1362,AU
qx6dGxCQD-M,BORDER 2: #TheBravesOfTheSoil Tribute Trailer | Sunny Varun Diljit Ahan | Mithoon Sonu Manoj| 23 Jan,"Presenting ""The Braves Of The Soil"" - Tribute Trailer, from BORDER 2.

Gulshan Kumar, T-Series & JP Films Present
A T-Series Films & JP Films Production

""BORDER 2""

Book your tickets now, kyunki desh se kiya gaya vaada, ab tootega nahin!  ğŸ‡®ğŸ‡³ğŸ”¥
Advance bookings open now: https://linktr.ee/Border2

â™ªFull Song Available onâ™ª 
Amazon Prime Music: https://bit.ly/4sFdF0P
JioSaavn: https://bit.ly/3YIhPYe
Spotify: https://bit.ly/4pxlMtD
Apple Music: https://bit.ly/3LHeYMe
Gaana: https://bit.ly/4qUEyfL
YouTube Music: https://bit.ly/3LIUeUm

Song Credits: 
Song - Mitti Ke Bete
Song Composed & Arranged by Mithoon
Lyrics by Manoj Muntashir
Singer: Sonu Nigam
Creative Head: Anugrah
Music Production: Sameer Mhatre & Godswill MergulhÃ¤o
Music Assistants: Anugrah, Godswill MergulhÃ¤o, Eli Rodrigues & Kaushal Gohil.
Flute: Rakesh Chaurasia
World Strokes: Tapas Roy
Shehnai: Durgesh Bhosle
Banjo: Kishor Mohite
Indian Rhythm Ensemble: Naeem Sayyed, Satyajit Jamsandekar, Rahul Rupawate, Prabha Mosamkar, Keyur Barve & Omkar Salunkhe. 
Choir Section Co-ordinator: Shripad Lele
Choir Section: Shripad Lele, Umesh Joshi, Vivek Naik, Nitin Karandikar, Devendra Chitnis, Janardan Dhatrak, Mohan Morajkar, Mangesh Shirke, Anil Bhilare, Santosh Bote, Kishor Mohite, Pratap Kalke, Karan Kagale, Siddhant Karawde, Prasad Manjarekar, Kaustubh Patil, Latesh Pujari, Sagar Kudalkar, Nishad Joshi, Puran Shiva & Yashad Ghanekar
Song Recorded by Vijay Dayal at YRF Studios
Assistant: Sagar Sathe
Additional Recording by A Manivannan at Living Water Studios.
Song Mixed and Mastered by Eric Pillai at Future Sound of Bombay 
Assistant Mixing Engineer: Michael Edwin Pillai 
Mithoonâ€™s Manager: Vijay Iyer 
Mithoonâ€™s Staff: Sanjeev Utekar & Sagar Akhade.
Music Label - T-Series

Film Credits:
â€‹Cast: Sunny Deol, Varun Dhawan, Diljit Dosanjh, Ahan Shetty, Mona Singh, Sonam Bajwa, Anya Singh, Medha Rana
Directed By: Anurag Singh
Produced By: Bhushan Kumar, Krishan Kumar
Produced By: JP Dutta, Nidhi Dutta
Co-Producer: Shiv Chanana
Co-Producer: Binnoy K Gandhi
President (T-Series): Neeraj Kalyan
Story: Nidhi Dutta
â€‹Screenplay & Dialogues: Sumit Arora, Anurag Singh
DOP: Anshul Chobey
Production Design: Mayur Sharma
Supervising Producer: Siddhi Dutta
â€‹Executive Producer: Ashwini Kumar
Editor: Manish More
Costume Designer: Sheetal Sharma
â€‹Music: Anu Malik, Mithoon, Vishal Mishra, Sachet-Parampara, Gurmoh
â€‹Lyrics: Javed Akhtar, Manoj Muntashir Shukla, Kumaar, Kausar Munir
â€‹Background Music: John Stewart Eduri
â€‹Sound Designer: Nihar Ranjan Samal
Mix & Master: Eric Pillai @ Future Sound of Bombay
â€‹Finance Head: Rachna Bhagat
â€‹Casting Director: Mukesh Chhabra CSA
â€‹Action Director: Ravi Varma, Nick Powell, Parvez Shaikh, Allan Amin
â€‹Director Of Choreography: Raju Khan, Ganesh Acharya
â€‹Associate Director: Harshit Bhatia
â€‹1st Assistant Director: Sarvesh Shingre
â€‹Line Producer: Amit J. Chaudhary, Santosh Rai
â€‹Post Producer: Ankush Dhawan
â€‹Re-Recording Mixer: Debajit Changmai
â€‹VFX: Redefine, Labyrinth
â€‹VFX Supervisor: Vishal Anand, Soumen Das
â€‹VFX Creative Head (Labyrinth): Siddhartha Jayakar
â€‹DI: Prime Focus Ltd.
DI Colorist: Ashirwad Hadkar
â€‹Music On: T-Series
â€‹Project Head (T-Series): Meghha Chheda
â€‹Music Head (T-Series): Shivam Chanana
â€‹Music Marketing Head (T-Series): Vivin Sachdeva
â€‹Film Marketing Lead (T-Series): Neel Mehta
â€‹Film PR Lead (T-Series): Rahul Dubey
Film Digital Marketing Lead (T-Series): Shahrukh Khan
â€‹Film Marketing & Promotions (T-Series): Mita Choudhary, Heett Savla
Music Team (T-Series): Raj Chanana, Sonal Chawla, Sonu Srivastava, Vivin Sachdeva
Music Marketing Team (T-Series): Sana Shaikh, Raisa Ghosh
Digital Team (T-Series): Varun Arora, Juhi Singh, Praveen Sharma
â€‹Publicity Design: Parass Kanani (House Of Awe)
â€‹Digital Marketing: White Rivers Media
â€‹Visual Promotions: Just Right Studioz NX

#BORDER2 #MittiKeBete 

ğŸ‘‰ Subscribe to T-Series:  https://www.youtube.com/tseries
ğŸ‘‰ Like us on Facebook:  https://www.facebook.com/tseriesmusic
ğŸ‘‰ Follow us on X:  https://x.com/tseries
ğŸ‘‰ Follow us on Instagram:  https://www.instagram.com/tseries.official
ğŸ‘‰ Follow us on Snapchat:  https://www.snapchat.com/@tseriesonsnap",bollywood songs 2026 bollywood movies 2026 tseries tseries songs border 2 tribute trailer border 2 braves of the soil border 2 sunny deol braves of the soil trailer border 2 new trailer sunny deol border 2 tribute trailer border 2 movie trailer tribute trailer border 2 sunny deol new movie border 2 trailer reaction tribute trailer border2 movie border2 new hindi movies border 2 trailer,10,2026-01-20T15:48:13Z,7272853,185365,3402,AU
zPpqWccx_zQ,Yoe Dho Zhum- Putulu x Rigyel x Mame Alu ft.Tenzin (OFFICAL MUSIC VIDEO),"Directed by: Joel Baker & Putulu
Shot & Produced by: Betterbreadtv
Mixed & Mastered by: Dauntonthebeat

Artists: @Putulu_Music Ã— @Rigyel Ã— @mamealu 
Cast: Tenzin

Special Thanks:
Heartfelt thanks to IPS Education Consultancy & Visa Services for bringing our vision to life and supporting artists.
M1takpa Clothing Brand.
Everyone who played a part in making this video possible.

Â© Rebellions Bhutan | 2026 | All Rights Reserved",,10,2026-01-23T12:00:06Z,28914,2632,74,AU
eG5Hjt52_cQ,Complete - Write It Down,"Complete - Write It Down

Beat produced by Kryple
Recorded by Forest Studio
Track mixed & mastered By Complete
Filmed & Edited by Lahai Creative",Complete Write It Down Perth Hip Hop Rap Australia Jordan Mental Health Recovery,10,2026-01-19T09:45:02Z,37648,3281,920,AU
S115R8T0zRE,Mera A Ve Tu : Prabh Gill (Official video) New Punjabi Songs 2026,"Here Is 1st Song From Our EP #WhereIsLove 

Lyrics/Composed By - Gurjit Gill 
Music By - Black Virus 
Video By - Dimple Bhullar   
Featuring - Isha Sharma   
Label -  Prabh Gill Music
#MeraEVeTU #prabhgill #prabhgillmusic 

Dont Forget To Follow Me On 
SPOTIFY - https://open.spotify.com/artist/4F5ZNBJDep3GTrMip2tpI4?si=GWAGu6TWQ2S2Lr_577YgWw 
YOUTUBE MUSIC - https://music.youtube.com/channel/UCj0ZwCjdAn3OmC8aXyGsHSw?si=LMFokuvJp-GQ_Y7s",Mera A Ve Tu Mera A Ve Tu Prabh Gill Mera A Ve Tu new song Prabh Gill Music Prabh gill mera a ve tu mera a ve tu official video new punjabi new punjabi song new punjabi song 2026 new song prabh gi prabh gill prabh gill new punjabi song prabh gill new song,10,2026-01-16T12:30:07Z,1239866,28357,1680,AU
